Trial,X
0,2
1,3
2,2
3,2
4,4
5,1
6,1
7,5
8,4
9,3
10,5
11,1
12,3
13,3
14,2
15,2
16,5
17,2
18,4
19,1
20,1
21,1
22,3
23,2
24,2
25,1
26,2
27,1
28,2
29,5
30,2
31,1
32,1
33,1
34,4
35,3
36,2
37,4
38,2
39,4
40,1
41,1
42,4
43,2
44,3
45,3
46,1
47,1
48,2
49,1
50,4
51,4
52,3
53,2
54,4
55,3
56,2
57,1
58,4
59,1
60,4
61,3
62,1
63,2
64,1
65,1
66,2
67,4
68,3
69,2
70,1
71,2
72,1
73,2
74,4
75,4
76,2
77,5
78,1
79,4
80,4
81,3
82,1
83,3
84,2
85,1
86,1
87,1
88,5
89,4
90,1
91,1
92,4
93,3
94,4
95,1
96,3
97,2
98,2
99,2
100,5
101,1
102,4
103,3
104,5
105,3
106,1
107,3
108,6
109,5
110,1
111,1
112,2
113,4
114,2
115,2
116,4
117,2
118,5
119,2
120,5
121,3
122,4
123,4
124,4
125,2
126,3
127,2
128,5
129,4
130,5
131,1
132,3
133,5
134,2
135,1
136,2
137,1
138,2
139,2
140,1
141,3
142,3
143,1
144,4
145,3
146,3
147,2
148,1
149,4
150,5
151,1
152,3
153,2
154,5
155,1
156,2
157,3
158,3
159,3
160,1
161,1
162,3
163,1
164,4
165,4
166,5
167,3
168,1
169,3
170,3
171,1
172,3
173,4
174,4
175,5
176,1
177,1
178,4
179,3
180,6
181,5
182,2
183,5
184,1
185,4
186,1
187,4
188,3
189,4
190,4
191,1
192,1
193,3
194,1
195,1
196,2
197,3
198,3
199,1
200,1
201,5
202,1
203,5
204,1
205,4
206,2
207,3
208,4
209,1
210,5
211,4
212,4
213,5
214,1
215,3
216,2
217,1
218,3
219,3
220,3
221,1
222,1
223,2
224,3
225,3
226,4
227,3
228,2
229,6
230,5
231,2
232,3
233,6
234,2
235,5
236,2
237,2
238,3
239,4
240,1
241,4
242,3
243,3
244,1
245,3
246,1
247,2
248,3
249,4
250,1
251,5
252,2
253,3
254,1
255,2
256,2
257,4
258,1
259,4
260,1
261,6
262,6
263,1
264,5
265,3
266,2
267,3
268,2
269,3
270,3
271,4
272,2
273,1
274,4
275,4
276,3
277,2
278,3
279,4
280,1
281,2
282,1
283,3
284,3
285,2
286,2
287,4
288,1
289,4
290,3
291,3
292,3
293,5
294,1
295,2
296,1
297,3
298,3
299,3
300,1
301,3
302,4
303,2
304,1
305,2
306,5
307,2
308,6
309,4
310,1
311,5
312,3
313,1
314,2
315,2
316,1
317,3
318,4
319,5
320,3
321,3
322,1
323,1
324,2
325,4
326,1
327,1
328,1
329,2
330,3
331,5
332,4
333,1
334,1
335,1
336,3
337,2
338,2
339,4
340,4
341,1
342,4
343,3
344,1
345,4
346,4
347,5
348,1
349,2
350,5
351,3
352,4
353,2
354,3
355,1
356,4
357,1
358,4
359,1
360,1
361,4
362,5
363,2
364,4
365,2
366,2
367,4
368,1
369,1
370,2
371,3
372,3
373,3
374,3
375,4
376,3
377,4
378,3
379,3
380,5
381,2
382,2
383,5
384,5
385,4
386,4
387,1
388,1
389,3
390,1
391,2
392,5
393,5
394,5
395,3
396,2
397,1
398,3
399,3
400,3
401,3
402,3
403,3
404,2
405,4
406,1
407,1
408,3
409,3
410,1
411,6
412,1
413,1
414,3
415,5
416,4
417,1
418,3
419,3
420,1
421,5
422,2
423,3
424,5
425,5
426,1
427,4
428,2
429,1
430,4
431,2
432,2
433,3
434,1
435,2
436,5
437,3
438,1
439,2
440,2
441,3
442,1
443,2
444,5
445,3
446,5
447,1
448,2
449,3
450,1
451,4
452,4
453,1
454,2
455,5
456,3
457,1
458,3
459,3
460,1
461,2
462,4
463,2
464,3
465,3
466,6
467,3
468,6
469,4
470,4
471,4
472,6
473,4
474,1
475,5
476,3
477,1
478,1
479,2
480,1
481,4
482,1
483,1
484,2
485,1
486,4
487,1
488,2
489,1
490,3
491,2
492,1
493,5
494,1
495,3
496,2
497,2
498,1
499,4
500,3
501,1
502,1
503,4
504,2
505,1
506,3
507,5
508,4
509,1
510,4
511,4
512,1
513,3
514,3
515,4
516,4
517,2
518,3
519,4
520,2
521,1
522,2
523,4
524,2
525,4
526,2
527,3
528,2
529,2
530,1
531,2
532,1
533,1
534,1
535,2
536,3
537,4
538,1
539,1
540,2
541,2
542,1
543,3
544,5
545,5
546,4
547,2
548,1
549,3
550,1
551,2
552,4
553,1
554,1
555,4
556,5
557,5
558,1
559,2
560,3
561,2
562,2
563,3
564,1
565,4
566,2
567,5
568,2
569,1
570,2
571,4
572,1
573,2
574,4
575,3
576,3
577,3
578,3
579,1
580,5
581,2
582,3
583,5
584,3
585,1
586,1
587,1
588,3
589,4
590,3
591,1
592,6
593,2
594,5
595,3
596,1
597,2
598,3
599,1
600,4
601,2
602,3
603,3
604,2
605,1
606,1
607,1
608,4
609,2
610,1
611,1
612,3
613,1
614,1
615,2
616,2
617,4
618,1
619,3
620,3
621,1
622,1
623,2
624,1
625,3
626,1
627,1
628,1
629,1
630,5
631,2
632,2
633,3
634,1
635,2
636,4
637,2
638,2
639,1
640,2
641,2
642,4
643,3
644,2
645,1
646,5
647,1
648,3
649,1
650,1
651,2
652,3
653,1
654,1
655,1
656,4
657,2
658,1
659,4
660,5
661,3
662,1
663,5
664,4
665,4
666,1
667,1
668,2
669,2
670,1
671,5
672,1
673,4
674,3
675,4
676,4
677,5
678,2
679,2
680,2
681,1
682,3
683,2
684,2
685,4
686,1
687,5
688,5
689,4
690,3
691,4
692,1
693,1
694,4
695,3
696,1
697,2
698,1
699,1
700,1
701,1
702,2
703,3
704,1
705,3
706,4
707,3
708,5
709,5
710,1
711,5
712,1
713,4
714,1
715,4
716,4
717,3
718,2
719,4
720,1
721,5
722,2
723,1
724,3
725,1
726,1
727,3
728,4
729,1
730,2
731,2
732,4
733,2
734,3
735,2
736,5
737,6
738,1
739,3
740,1
741,2
742,2
743,3
744,1
745,5
746,4
747,4
748,3
749,2
750,1
751,2
752,3
753,3
754,2
755,1
756,1
757,3
758,3
759,3
760,1
761,2
762,2
763,2
764,3
765,1
766,4
767,1
768,4
769,1
770,2
771,1
772,1
773,3
774,1
775,4
776,2
777,2
778,1
779,2
780,4
781,1
782,2
783,2
784,2
785,3
786,1
787,3
788,1
789,5
790,1
791,5
792,2
793,1
794,1
795,3
796,1
797,4
798,2
799,4
800,2
801,1
802,1
803,2
804,2
805,2
806,1
807,4
808,3
809,2
810,3
811,1
812,1
813,2
814,2
815,1
816,4
817,3
818,5
819,1
820,4
821,5
822,1
823,1
824,1
825,2
826,1
827,4
828,2
829,2
830,4
831,5
832,1
833,1
834,5
835,3
836,3
837,3
838,3
839,5
840,4
841,1
842,5
843,1
844,5
845,1
846,3
847,1
848,1
849,4
850,1
851,1
852,1
853,5
854,1
855,5
856,2
857,2
858,5
859,1
860,4
861,6
862,3
863,1
864,1
865,1
866,4
867,2
868,4
869,2
870,4
871,3
872,1
873,1
874,3
875,2
876,3
877,3
878,3
879,1
880,5
881,1
882,3
883,4
884,4
885,2
886,3
887,2
888,2
889,1
890,3
891,2
892,1
893,1
894,2
895,5
896,3
897,1
898,1
899,4
900,3
901,2
902,2
903,1
904,1
905,3
906,1
907,3
908,2
909,1
910,1
911,3
912,1
913,4
914,3
915,5
916,3
917,3
918,1
919,5
920,3
921,2
922,2
923,1
924,5
925,1
926,4
927,3
928,3
929,4
930,3
931,2
932,3
933,4
934,2
935,2
936,3
937,2
938,4
939,2
940,1
941,4
942,2
943,5
944,3
945,4
946,3
947,3
948,3
949,5
950,2
951,5
952,1
953,1
954,4
955,1
956,1
957,1
958,2
959,4
960,4
961,2
962,3
963,5
964,3
965,3
966,2
967,2
968,3
969,5
970,4
971,2
972,2
973,5
974,4
975,3
976,3
977,2
978,2
979,1
980,4
981,4
982,4
983,2
984,2
985,1
986,1
987,2
988,3
989,1
990,4
991,3
992,1
993,1
994,3
995,1
996,1
997,3
998,2
999,1
1000,1
1001,2
1002,3
1003,1
1004,3
1005,2
1006,3
1007,1
1008,1
1009,1
1010,1
1011,2
1012,4
1013,1
1014,4
1015,1
1016,1
1017,1
1018,3
1019,2
1020,1
1021,4
1022,5
1023,2
1024,1
1025,4
1026,3
1027,4
1028,2
1029,2
1030,3
1031,5
1032,1
1033,2
1034,6
1035,3
1036,1
1037,1
1038,4
1039,1
1040,5
1041,4
1042,1
1043,2
1044,3
1045,4
1046,2
1047,4
1048,3
1049,3
1050,3
1051,1
1052,3
1053,2
1054,4
1055,1
1056,3
1057,1
1058,5
1059,3
1060,4
1061,1
1062,5
1063,1
1064,1
1065,1
1066,1
1067,1
1068,1
1069,2
1070,2
1071,2
1072,3
1073,3
1074,4
1075,3
1076,5
1077,4
1078,4
1079,3
1080,4
1081,3
1082,2
1083,4
1084,5
1085,1
1086,4
1087,4
1088,1
1089,4
1090,1
1091,3
1092,4
1093,1
1094,4
1095,3
1096,5
1097,2
1098,1
1099,1
1100,4
1101,2
1102,2
1103,5
1104,2
1105,1
1106,5
1107,5
1108,2
1109,3
1110,2
1111,2
1112,4
1113,4
1114,2
1115,4
1116,6
1117,3
1118,4
1119,2
1120,3
1121,4
1122,4
1123,2
1124,3
1125,2
1126,3
1127,2
1128,4
1129,3
1130,2
1131,3
1132,3
1133,2
1134,3
1135,2
1136,1
1137,3
1138,1
1139,5
1140,4
1141,2
1142,4
1143,3
1144,1
1145,1
1146,5
1147,1
1148,3
1149,1
1150,2
1151,4
1152,4
1153,4
1154,3
1155,2
1156,2
1157,1
1158,2
1159,5
1160,2
1161,5
1162,4
1163,2
1164,1
1165,2
1166,3
1167,3
1168,1
1169,2
1170,4
1171,3
1172,6
1173,2
1174,2
1175,3
1176,3
1177,5
1178,3
1179,1
1180,2
1181,1
1182,2
1183,6
1184,3
1185,2
1186,5
1187,4
1188,1
1189,2
1190,3
1191,1
1192,2
1193,5
1194,6
1195,1
1196,1
1197,4
1198,1
1199,4
1200,4
1201,1
1202,1
1203,1
1204,2
1205,1
1206,1
1207,1
1208,2
1209,2
1210,2
1211,4
1212,1
1213,1
1214,1
1215,2
1216,2
1217,1
1218,2
1219,4
1220,1
1221,1
1222,3
1223,4
1224,1
1225,3
1226,2
1227,2
1228,1
1229,5
1230,2
1231,1
1232,1
1233,1
1234,4
1235,2
1236,3
1237,2
1238,3
1239,3
1240,3
1241,3
1242,2
1243,1
1244,2
1245,3
1246,1
1247,5
1248,3
1249,3
1250,3
1251,4
1252,5
1253,1
1254,4
1255,1
1256,1
1257,4
1258,4
1259,1
1260,3
1261,2
1262,3
1263,1
1264,1
1265,2
1266,1
1267,6
1268,2
1269,1
1270,3
1271,5
1272,2
1273,3
1274,3
1275,3
1276,4
1277,4
1278,5
1279,1
1280,2
1281,4
1282,3
1283,2
1284,6
1285,2
1286,5
1287,1
1288,4
1289,3
1290,5
1291,1
1292,2
1293,1
1294,5
1295,5
1296,3
1297,5
1298,5
1299,2
1300,1
1301,5
1302,3
1303,1
1304,3
1305,1
1306,1
1307,1
1308,5
1309,2
1310,3
1311,3
1312,1
1313,4
1314,1
1315,3
1316,5
1317,3
1318,4
1319,2
1320,3
1321,3
1322,1
1323,4
1324,4
1325,1
1326,1
1327,3
1328,1
1329,4
1330,1
1331,3
1332,1
1333,5
1334,1
1335,4
1336,3
1337,3
1338,4
1339,4
1340,2
1341,4
1342,1
1343,4
1344,1
1345,3
1346,4
1347,2
1348,3
1349,3
1350,2
1351,1
1352,3
1353,4
1354,2
1355,1
1356,1
1357,4
1358,5
1359,2
1360,5
1361,1
1362,4
1363,3
1364,2
1365,1
1366,1
1367,1
1368,2
1369,2
1370,4
1371,1
1372,1
1373,1
1374,4
1375,2
1376,4
1377,4
1378,3
1379,1
1380,4
1381,3
1382,5
1383,1
1384,3
1385,3
1386,4
1387,3
1388,5
1389,4
1390,5
1391,3
1392,2
1393,2
1394,1
1395,1
1396,1
1397,1
1398,2
1399,2
1400,2
1401,4
1402,3
1403,1
1404,5
1405,2
1406,4
1407,2
1408,2
1409,2
1410,2
1411,4
1412,1
1413,1
1414,1
1415,2
1416,1
1417,3
1418,2
1419,4
1420,4
1421,4
1422,1
1423,2
1424,1
1425,1
1426,1
1427,3
1428,2
1429,2
1430,4
1431,2
1432,4
1433,3
1434,1
1435,2
1436,4
1437,5
1438,3
1439,1
1440,2
1441,6
1442,3
1443,5
1444,3
1445,1
1446,3
1447,1
1448,4
1449,4
1450,2
1451,3
1452,1
1453,1
1454,5
1455,2
1456,1
1457,1
1458,5
1459,2
1460,2
1461,2
1462,5
1463,1
1464,1
1465,4
1466,1
1467,4
1468,2
1469,2
1470,1
1471,1
1472,1
1473,3
1474,2
1475,4
1476,1
1477,2
1478,1
1479,3
1480,5
1481,2
1482,6
1483,2
1484,3
1485,2
1486,5
1487,4
1488,4
1489,2
1490,5
1491,3
1492,2
1493,4
1494,3
1495,4
1496,2
1497,1
1498,1
1499,1
1500,1
1501,3
1502,1
1503,3
1504,4
1505,4
1506,5
1507,1
1508,3
1509,4
1510,1
1511,1
1512,1
1513,5
1514,3
1515,3
1516,1
1517,5
1518,2
1519,1
1520,1
1521,3
1522,4
1523,5
1524,2
1525,5
1526,2
1527,3
1528,3
1529,3
1530,1
1531,2
1532,2
1533,2
1534,1
1535,1
1536,3
1537,4
1538,1
1539,3
1540,1
1541,5
1542,1
1543,2
1544,5
1545,5
1546,1
1547,3
1548,5
1549,1
1550,4
1551,2
1552,3
1553,1
1554,1
1555,1
1556,1
1557,3
1558,2
1559,1
1560,1
1561,2
1562,1
1563,1
1564,5
1565,1
1566,3
1567,5
1568,4
1569,3
1570,3
1571,3
1572,3
1573,4
1574,1
1575,3
1576,2
1577,5
1578,4
1579,2
1580,2
1581,4
1582,4
1583,1
1584,2
1585,4
1586,1
1587,1
1588,4
1589,4
1590,4
1591,2
1592,5
1593,3
1594,3
1595,3
1596,1
1597,3
1598,2
1599,3
1600,5
1601,4
1602,1
1603,3
1604,3
1605,2
1606,4
1607,3
1608,3
1609,4
1610,3
1611,4
1612,1
1613,1
1614,4
1615,4
1616,3
1617,3
1618,1
1619,4
1620,3
1621,3
1622,4
1623,4
1624,1
1625,3
1626,3
1627,1
1628,5
1629,4
1630,1
1631,4
1632,5
1633,1
1634,4
1635,3
1636,5
1637,2
1638,5
1639,4
1640,1
1641,1
1642,2
1643,2
1644,1
1645,1
1646,4
1647,5
1648,3
1649,4
1650,4
1651,1
1652,1
1653,2
1654,2
1655,1
1656,3
1657,1
1658,4
1659,3
1660,1
1661,1
1662,4
1663,1
1664,1
1665,4
1666,1
1667,5
1668,1
1669,1
1670,4
1671,5
1672,3
1673,2
1674,1
1675,3
1676,1
1677,3
1678,1
1679,4
1680,3
1681,5
1682,2
1683,2
1684,1
1685,4
1686,1
1687,4
1688,2
1689,4
1690,4
1691,3
1692,4
1693,1
1694,2
1695,2
1696,2
1697,2
1698,2
1699,5
1700,4
1701,3
1702,1
1703,1
1704,5
1705,3
1706,4
1707,2
1708,5
1709,1
1710,2
1711,2
1712,4
1713,2
1714,5
1715,5
1716,2
1717,1
1718,3
1719,1
1720,1
1721,5
1722,2
1723,1
1724,3
1725,1
1726,3
1727,2
1728,5
1729,4
1730,4
1731,3
1732,4
1733,1
1734,4
1735,5
1736,3
1737,4
1738,1
1739,4
1740,1
1741,1
1742,2
1743,2
1744,1
1745,3
1746,2
1747,4
1748,4
1749,1
1750,3
1751,2
1752,1
1753,3
1754,4
1755,5
1756,4
1757,2
1758,2
1759,3
1760,3
1761,4
1762,6
1763,3
1764,1
1765,5
1766,2
1767,1
1768,5
1769,1
1770,5
1771,5
1772,2
1773,2
1774,1
1775,3
1776,4
1777,2
1778,5
1779,3
1780,2
1781,3
1782,5
1783,2
1784,3
1785,2
1786,4
1787,3
1788,1
1789,5
1790,2
1791,2
1792,3
1793,1
1794,3
1795,2
1796,2
1797,1
1798,2
1799,4
1800,2
1801,2
1802,4
1803,2
1804,4
1805,1
1806,5
1807,3
1808,2
1809,5
1810,1
1811,1
1812,4
1813,1
1814,5
1815,3
1816,5
1817,4
1818,1
1819,5
1820,1
1821,1
1822,1
1823,1
1824,3
1825,4
1826,4
1827,1
1828,2
1829,1
1830,4
1831,2
1832,1
1833,3
1834,1
1835,1
1836,3
1837,2
1838,5
1839,4
1840,4
1841,1
1842,5
1843,3
1844,1
1845,3
1846,2
1847,1
1848,1
1849,3
1850,2
1851,1
1852,4
1853,1
1854,4
1855,5
1856,4
1857,1
1858,2
1859,2
1860,4
1861,1
1862,3
1863,2
1864,5
1865,2
1866,3
1867,5
1868,1
1869,1
1870,1
1871,3
1872,2
1873,3
1874,1
1875,2
1876,1
1877,4
1878,2
1879,5
1880,2
1881,4
1882,4
1883,2
1884,3
1885,1
1886,1
1887,1
1888,3
1889,1
1890,4
1891,5
1892,4
1893,1
1894,4
1895,3
1896,2
1897,3
1898,2
1899,4
1900,3
1901,1
1902,3
1903,6
1904,3
1905,1
1906,2
1907,2
1908,1
1909,3
1910,1
1911,1
1912,3
1913,3
1914,3
1915,3
1916,3
1917,4
1918,1
1919,2
1920,5
1921,6
1922,1
1923,1
1924,1
1925,6
1926,2
1927,4
1928,2
1929,1
1930,2
1931,2
1932,3
1933,2
1934,2
1935,3
1936,2
1937,1
1938,3
1939,1
1940,2
1941,2
1942,3
1943,5
1944,4
1945,1
1946,4
1947,3
1948,3
1949,2
1950,1
1951,5
1952,1
1953,1
1954,1
1955,3
1956,1
1957,3
1958,5
1959,6
1960,3
1961,3
1962,1
1963,3
1964,1
1965,1
1966,5
1967,1
1968,1
1969,5
1970,4
1971,3
1972,3
1973,2
1974,5
1975,1
1976,4
1977,1
1978,1
1979,1
1980,2
1981,1
1982,2
1983,2
1984,1
1985,4
1986,2
1987,4
1988,1
1989,1
1990,2
1991,3
1992,4
1993,3
1994,3
1995,1
1996,4
1997,6
1998,5
1999,3
2000,3
2001,5
2002,5
2003,3
2004,1
2005,2
2006,1
2007,1
2008,5
2009,4
2010,5
2011,1
2012,2
2013,3
2014,5
2015,1
2016,4
2017,2
2018,2
2019,2
2020,1
2021,3
2022,2
2023,5
2024,5
2025,1
2026,4
2027,2
2028,1
2029,1
2030,3
2031,2
2032,4
2033,3
2034,2
2035,2
2036,2
2037,5
2038,2
2039,1
2040,2
2041,1
2042,4
2043,2
2044,2
2045,1
2046,4
2047,2
2048,2
2049,2
2050,4
2051,1
2052,4
2053,1
2054,3
2055,1
2056,1
2057,2
2058,2
2059,4
2060,5
2061,5
2062,1
2063,4
2064,2
2065,4
2066,1
2067,1
2068,1
2069,1
2070,3
2071,6
2072,1
2073,3
2074,4
2075,1
2076,4
2077,4
2078,1
2079,5
2080,2
2081,2
2082,1
2083,1
2084,1
2085,1
2086,1
2087,1
2088,3
2089,1
2090,1
2091,4
2092,1
2093,4
2094,1
2095,4
2096,3
2097,2
2098,1
2099,1
2100,4
2101,6
2102,1
2103,1
2104,5
2105,2
2106,5
2107,2
2108,4
2109,5
2110,1
2111,1
2112,2
2113,4
2114,3
2115,4
2116,2
2117,2
2118,5
2119,2
2120,2
2121,1
2122,2
2123,3
2124,4
2125,4
2126,2
2127,2
2128,3
2129,3
2130,2
2131,3
2132,4
2133,4
2134,1
2135,3
2136,1
2137,3
2138,4
2139,2
2140,3
2141,4
2142,1
2143,1
2144,2
2145,2
2146,2
2147,1
2148,2
2149,4
2150,5
2151,6
2152,1
2153,1
2154,2
2155,1
2156,3
2157,3
2158,5
2159,3
2160,2
2161,1
2162,1
2163,3
2164,1
2165,1
2166,2
2167,2
2168,2
2169,3
2170,1
2171,2
2172,5
2173,4
2174,1
2175,1
2176,1
2177,5
2178,1
2179,1
2180,2
2181,2
2182,4
2183,2
2184,1
2185,1
2186,5
2187,5
2188,1
2189,1
2190,2
2191,4
2192,1
2193,3
2194,2
2195,5
2196,1
2197,3
2198,5
2199,4
2200,3
2201,2
2202,2
2203,3
2204,3
2205,5
2206,1
2207,3
2208,1
2209,2
2210,4
2211,1
2212,2
2213,1
2214,1
2215,4
2216,5
2217,6
2218,1
2219,1
2220,3
2221,1
2222,1
2223,2
2224,3
2225,4
2226,2
2227,2
2228,1
2229,2
2230,4
2231,3
2232,1
2233,1
2234,4
2235,1
2236,1
2237,2
2238,1
2239,3
2240,3
2241,3
2242,5
2243,4
2244,4
2245,4
2246,1
2247,2
2248,1
2249,4
2250,2
2251,3
2252,3
2253,1
2254,1
2255,5
2256,4
2257,5
2258,5
2259,4
2260,2
2261,3
2262,2
2263,2
2264,1
2265,3
2266,4
2267,4
2268,3
2269,1
2270,1
2271,4
2272,3
2273,2
2274,2
2275,4
2276,4
2277,1
2278,2
2279,5
2280,5
2281,1
2282,3
2283,2
2284,1
2285,4
2286,5
2287,4
2288,3
2289,4
2290,4
2291,1
2292,2
2293,2
2294,5
2295,2
2296,3
2297,3
2298,4
2299,2
2300,1
2301,2
2302,3
2303,1
2304,4
2305,1
2306,1
2307,4
2308,2
2309,3
2310,1
2311,3
2312,2
2313,4
2314,1
2315,3
2316,2
2317,3
2318,2
2319,4
2320,2
2321,3
2322,5
2323,1
2324,4
2325,3
2326,1
2327,3
2328,3
2329,1
2330,1
2331,2
2332,4
2333,3
2334,2
2335,5
2336,2
2337,1
2338,3
2339,4
2340,1
2341,5
2342,3
2343,1
2344,4
2345,2
2346,3
2347,1
2348,5
2349,3
2350,3
2351,5
2352,1
2353,5
2354,1
2355,5
2356,1
2357,2
2358,1
2359,5
2360,1
2361,2
2362,2
2363,1
2364,4
2365,3
2366,1
2367,1
2368,4
2369,4
2370,1
2371,1
2372,3
2373,1
2374,1
2375,1
2376,3
2377,5
2378,1
2379,1
2380,4
2381,2
2382,2
2383,1
2384,3
2385,3
2386,5
2387,1
2388,5
2389,3
2390,3
2391,2
2392,1
2393,1
2394,1
2395,3
2396,2
2397,1
2398,1
2399,3
2400,2
2401,4
2402,3
2403,1
2404,5
2405,1
2406,2
2407,3
2408,5
2409,2
2410,3
2411,5
2412,5
2413,1
2414,1
2415,3
2416,1
2417,1
2418,5
2419,3
2420,4
2421,4
2422,1
2423,4
2424,2
2425,2
2426,5
2427,1
2428,2
2429,5
2430,1
2431,3
2432,1
2433,1
2434,5
2435,1
2436,2
2437,4
2438,2
2439,4
2440,1
2441,2
2442,2
2443,1
2444,3
2445,1
2446,5
2447,1
2448,2
2449,4
2450,4
2451,4
2452,5
2453,4
2454,1
2455,2
2456,3
2457,5
2458,1
2459,3
2460,1
2461,1
2462,2
2463,4
2464,2
2465,1
2466,1
2467,3
2468,2
2469,5
2470,3
2471,3
2472,2
2473,2
2474,3
2475,1
2476,1
2477,1
2478,4
2479,1
2480,1
2481,1
2482,3
2483,1
2484,3
2485,1
2486,1
2487,4
2488,1
2489,2
2490,4
2491,4
2492,4
2493,3
2494,1
2495,3
2496,2
2497,4
2498,4
2499,5
2500,4
2501,1
2502,1
2503,2
2504,5
2505,4
2506,1
2507,3
2508,2
2509,1
2510,1
2511,2
2512,2
2513,4
2514,5
2515,2
2516,5
2517,5
2518,4
2519,1
2520,2
2521,5
2522,1
2523,1
2524,2
2525,1
2526,2
2527,2
2528,1
2529,1
2530,5
2531,5
2532,3
2533,4
2534,5
2535,1
2536,3
2537,4
2538,5
2539,2
2540,1
2541,3
2542,4
2543,2
2544,3
2545,2
2546,1
2547,4
2548,3
2549,4
2550,4
2551,3
2552,2
2553,1
2554,4
2555,1
2556,5
2557,4
2558,4
2559,1
2560,4
2561,3
2562,3
2563,2
2564,1
2565,3
2566,1
2567,3
2568,1
2569,5
2570,2
2571,1
2572,4
2573,3
2574,1
2575,3
2576,2
2577,2
2578,1
2579,2
2580,1
2581,4
2582,1
2583,1
2584,4
2585,3
2586,1
2587,2
2588,4
2589,2
2590,1
2591,4
2592,3
2593,4
2594,5
2595,2
2596,2
2597,4
2598,2
2599,1
2600,4
2601,1
2602,4
2603,4
2604,3
2605,1
2606,4
2607,2
2608,1
2609,1
2610,2
2611,2
2612,3
2613,5
2614,2
2615,4
2616,3
2617,4
2618,4
2619,1
2620,5
2621,2
2622,2
2623,4
2624,5
2625,1
2626,1
2627,1
2628,5
2629,4
2630,1
2631,3
2632,3
2633,2
2634,1
2635,3
2636,1
2637,3
2638,2
2639,4
2640,3
2641,2
2642,1
2643,3
2644,4
2645,2
2646,4
2647,1
2648,1
2649,2
2650,4
2651,3
2652,3
2653,4
2654,3
2655,2
2656,1
2657,2
2658,2
2659,3
2660,1
2661,3
2662,4
2663,4
2664,2
2665,4
2666,4
2667,3
2668,5
2669,4
2670,2
2671,2
2672,2
2673,3
2674,1
2675,1
2676,1
2677,3
2678,2
2679,1
2680,2
2681,1
2682,4
2683,4
2684,1
2685,1
2686,1
2687,4
2688,4
2689,5
2690,5
2691,2
2692,2
2693,1
2694,4
2695,2
2696,1
2697,2
2698,4
2699,2
2700,3
2701,2
2702,3
2703,4
2704,2
2705,2
2706,4
2707,1
2708,2
2709,3
2710,4
2711,4
2712,3
2713,5
2714,2
2715,4
2716,1
2717,3
2718,5
2719,3
2720,1
2721,1
2722,1
2723,3
2724,2
2725,5
2726,4
2727,1
2728,3
2729,2
2730,4
2731,5
2732,3
2733,2
2734,3
2735,4
2736,2
2737,2
2738,4
2739,2
2740,1
2741,3
2742,5
2743,2
2744,2
2745,1
2746,1
2747,4
2748,1
2749,1
2750,1
2751,1
2752,1
2753,4
2754,3
2755,4
2756,1
2757,3
2758,3
2759,5
2760,4
2761,2
2762,6
2763,2
2764,2
2765,3
2766,4
2767,1
2768,3
2769,1
2770,3
2771,2
2772,5
2773,5
2774,4
2775,2
2776,1
2777,3
2778,2
2779,3
2780,3
2781,4
2782,2
2783,1
2784,1
2785,1
2786,4
2787,4
2788,4
2789,2
2790,3
2791,2
2792,3
2793,2
2794,4
2795,1
2796,3
2797,1
2798,4
2799,4
2800,3
2801,3
2802,3
2803,2
2804,3
2805,5
2806,3
2807,3
2808,3
2809,4
2810,5
2811,1
2812,2
2813,4
2814,3
2815,2
2816,2
2817,1
2818,2
2819,4
2820,1
2821,4
2822,1
2823,3
2824,1
2825,1
2826,3
2827,3
2828,4
2829,1
2830,4
2831,1
2832,6
2833,1
2834,4
2835,2
2836,3
2837,3
2838,1
2839,3
2840,4
2841,2
2842,5
2843,2
2844,2
2845,1
2846,2
2847,3
2848,2
2849,4
2850,1
2851,1
2852,1
2853,1
2854,2
2855,4
2856,2
2857,4
2858,1
2859,2
2860,1
2861,1
2862,2
2863,1
2864,4
2865,4
2866,5
2867,1
2868,4
2869,1
2870,5
2871,1
2872,1
2873,1
2874,1
2875,4
2876,2
2877,5
2878,4
2879,5
2880,4
2881,1
2882,3
2883,2
2884,5
2885,1
2886,5
2887,4
2888,3
2889,5
2890,1
2891,4
2892,3
2893,2
2894,1
2895,1
2896,5
2897,3
2898,1
2899,5
2900,1
2901,2
2902,2
2903,2
2904,4
2905,2
2906,1
2907,4
2908,3
2909,2
2910,1
2911,1
2912,2
2913,2
2914,1
2915,4
2916,1
2917,4
2918,2
2919,3
2920,1
2921,4
2922,3
2923,3
2924,4
2925,3
2926,3
2927,3
2928,2
2929,2
2930,1
2931,2
2932,5
2933,1
2934,1
2935,1
2936,1
2937,1
2938,1
2939,2
2940,5
2941,6
2942,3
2943,4
2944,4
2945,3
2946,1
2947,2
2948,2
2949,1
2950,4
2951,1
2952,3
2953,1
2954,3
2955,5
2956,2
2957,2
2958,2
2959,3
2960,2
2961,1
2962,3
2963,4
2964,1
2965,2
2966,3
2967,3
2968,1
2969,3
2970,1
2971,3
2972,5
2973,2
2974,2
2975,1
2976,1
2977,2
2978,5
2979,2
2980,4
2981,4
2982,3
2983,2
2984,1
2985,1
2986,2
2987,2
2988,3
2989,3
2990,1
2991,2
2992,1
2993,2
2994,4
2995,3
2996,5
2997,1
2998,2
2999,3
3000,1
3001,3
3002,1
3003,4
3004,5
3005,2
3006,1
3007,1
3008,1
3009,3
3010,2
3011,3
3012,2
3013,5
3014,6
3015,1
3016,1
3017,2
3018,2
3019,5
3020,2
3021,3
3022,1
3023,2
3024,3
3025,2
3026,3
3027,1
3028,4
3029,2
3030,4
3031,2
3032,3
3033,1
3034,3
3035,2
3036,5
3037,1
3038,1
3039,2
3040,3
3041,3
3042,5
3043,2
3044,1
3045,1
3046,4
3047,1
3048,2
3049,3
3050,1
3051,5
3052,1
3053,2
3054,2
3055,4
3056,1
3057,1
3058,4
3059,1
3060,5
3061,1
3062,2
3063,2
3064,1
3065,5
3066,5
3067,4
3068,1
3069,2
3070,4
3071,1
3072,2
3073,1
3074,1
3075,2
3076,4
3077,4
3078,1
3079,3
3080,2
3081,2
3082,1
3083,3
3084,2
3085,5
3086,1
3087,2
3088,1
3089,5
3090,2
3091,2
3092,1
3093,1
3094,1
3095,4
3096,3
3097,3
3098,4
3099,1
3100,1
3101,2
3102,2
3103,3
3104,2
3105,4
3106,2
3107,4
3108,3
3109,3
3110,3
3111,1
3112,2
3113,2
3114,3
3115,5
3116,1
3117,6
3118,1
3119,1
3120,3
3121,4
3122,3
3123,1
3124,4
3125,2
3126,1
3127,2
3128,2
3129,4
3130,1
3131,1
3132,1
3133,3
3134,1
3135,2
3136,1
3137,4
3138,4
3139,4
3140,3
3141,1
3142,1
3143,2
3144,2
3145,3
3146,1
3147,1
3148,5
3149,2
3150,1
3151,4
3152,3
3153,3
3154,5
3155,5
3156,4
3157,2
3158,4
3159,1
3160,5
3161,4
3162,4
3163,3
3164,5
3165,1
3166,1
3167,1
3168,1
3169,5
3170,5
3171,2
3172,2
3173,1
3174,5
3175,2
3176,1
3177,4
3178,2
3179,5
3180,1
3181,4
3182,2
3183,2
3184,1
3185,3
3186,1
3187,4
3188,1
3189,1
3190,1
3191,1
3192,1
3193,1
3194,3
3195,3
3196,1
3197,4
3198,4
3199,1
3200,1
3201,5
3202,4
3203,4
3204,4
3205,4
3206,1
3207,3
3208,1
3209,3
3210,3
3211,2
3212,1
3213,3
3214,2
3215,3
3216,5
3217,3
3218,4
3219,5
3220,1
3221,4
3222,4
3223,5
3224,2
3225,1
3226,3
3227,3
3228,1
3229,1
3230,5
3231,2
3232,4
3233,1
3234,1
3235,2
3236,5
3237,1
3238,3
3239,2
3240,2
3241,5
3242,1
3243,1
3244,2
3245,3
3246,1
3247,2
3248,1
3249,1
3250,1
3251,2
3252,1
3253,5
3254,1
3255,3
3256,3
3257,6
3258,5
3259,5
3260,2
3261,3
3262,4
3263,3
3264,2
3265,2
3266,4
3267,1
3268,4
3269,2
3270,2
3271,2
3272,1
3273,1
3274,2
3275,2
3276,4
3277,2
3278,1
3279,1
3280,1
3281,3
3282,1
3283,4
3284,3
3285,2
3286,1
3287,2
3288,5
3289,1
3290,5
3291,4
3292,2
3293,4
3294,4
3295,1
3296,5
3297,4
3298,1
3299,3
3300,3
3301,2
3302,5
3303,2
3304,4
3305,3
3306,6
3307,3
3308,2
3309,1
3310,2
3311,3
3312,3
3313,1
3314,3
3315,1
3316,2
3317,2
3318,3
3319,1
3320,4
3321,4
3322,3
3323,2
3324,5
3325,1
3326,1
3327,1
3328,3
3329,4
3330,3
3331,1
3332,4
3333,4
3334,4
3335,2
3336,3
3337,1
3338,6
3339,3
3340,1
3341,2
3342,1
3343,3
3344,2
3345,3
3346,2
3347,1
3348,4
3349,4
3350,4
3351,5
3352,3
3353,1
3354,3
3355,1
3356,5
3357,4
3358,2
3359,3
3360,3
3361,3
3362,1
3363,6
3364,4
3365,2
3366,1
3367,1
3368,1
3369,5
3370,1
3371,3
3372,4
3373,3
3374,5
3375,3
3376,4
3377,2
3378,3
3379,1
3380,2
3381,3
3382,1
3383,2
3384,4
3385,1
3386,3
3387,1
3388,4
3389,1
3390,1
3391,1
3392,3
3393,3
3394,2
3395,4
3396,4
3397,1
3398,1
3399,1
3400,4
3401,1
3402,1
3403,1
3404,3
3405,1
3406,1
3407,2
3408,4
3409,1
3410,4
3411,3
3412,5
3413,2
3414,1
3415,4
3416,5
3417,6
3418,5
3419,1
3420,3
3421,3
3422,2
3423,3
3424,2
3425,2
3426,2
3427,4
3428,3
3429,2
3430,3
3431,1
3432,2
3433,3
3434,3
3435,4
3436,1
3437,1
3438,3
3439,2
3440,1
3441,5
3442,1
3443,1
3444,5
3445,2
3446,1
3447,1
3448,1
3449,1
3450,1
3451,5
3452,2
3453,4
3454,2
3455,1
3456,3
3457,2
3458,2
3459,4
3460,1
3461,1
3462,5
3463,5
3464,5
3465,1
3466,2
3467,1
3468,2
3469,5
3470,4
3471,5
3472,1
3473,1
3474,1
3475,5
3476,4
3477,2
3478,1
3479,1
3480,3
3481,1
3482,2
3483,2
3484,1
3485,3
3486,3
3487,1
3488,4
3489,1
3490,2
3491,3
3492,5
3493,2
3494,1
3495,2
3496,4
3497,5
3498,5
3499,3
3500,5
3501,2
3502,3
3503,3
3504,5
3505,1
3506,3
3507,4
3508,5
3509,1
3510,1
3511,1
3512,5
3513,2
3514,3
3515,3
3516,2
3517,3
3518,1
3519,1
3520,1
3521,1
3522,1
3523,2
3524,1
3525,5
3526,2
3527,4
3528,3
3529,5
3530,1
3531,2
3532,2
3533,5
3534,5
3535,4
3536,3
3537,1
3538,1
3539,1
3540,6
3541,1
3542,1
3543,5
3544,2
3545,3
3546,1
3547,3
3548,4
3549,1
3550,4
3551,4
3552,5
3553,4
3554,4
3555,3
3556,6
3557,4
3558,5
3559,1
3560,2
3561,4
3562,1
3563,4
3564,5
3565,2
3566,1
3567,1
3568,3
3569,4
3570,2
3571,5
3572,5
3573,2
3574,4
3575,2
3576,4
3577,3
3578,3
3579,4
3580,4
3581,1
3582,3
3583,1
3584,3
3585,1
3586,3
3587,5
3588,4
3589,4
3590,2
3591,5
3592,1
3593,1
3594,2
3595,1
3596,2
3597,1
3598,4
3599,3
3600,1
3601,1
3602,1
3603,3
3604,3
3605,2
3606,5
3607,1
3608,4
3609,2
3610,3
3611,3
3612,2
3613,3
3614,4
3615,3
3616,3
3617,1
3618,1
3619,5
3620,1
3621,2
3622,3
3623,1
3624,5
3625,1
3626,2
3627,1
3628,1
3629,2
3630,3
3631,3
3632,3
3633,3
3634,2
3635,2
3636,1
3637,3
3638,2
3639,1
3640,1
3641,4
3642,2
3643,3
3644,5
3645,2
3646,3
3647,5
3648,2
3649,5
3650,4
3651,2
3652,2
3653,1
3654,4
3655,1
3656,2
3657,3
3658,1
3659,5
3660,1
3661,2
3662,4
3663,1
3664,2
3665,2
3666,3
3667,2
3668,1
3669,4
3670,1
3671,3
3672,1
3673,2
3674,3
3675,1
3676,3
3677,3
3678,2
3679,1
3680,2
3681,1
3682,2
3683,5
3684,5
3685,1
3686,1
3687,4
3688,5
3689,2
3690,1
3691,1
3692,3
3693,4
3694,3
3695,5
3696,5
3697,3
3698,1
3699,4
3700,2
3701,1
3702,2
3703,1
3704,4
3705,1
3706,4
3707,1
3708,2
3709,1
3710,4
3711,1
3712,1
3713,3
3714,2
3715,2
3716,1
3717,1
3718,1
3719,3
3720,2
3721,5
3722,2
3723,4
3724,2
3725,2
3726,2
3727,3
3728,5
3729,4
3730,2
3731,1
3732,4
3733,2
3734,4
3735,1
3736,2
3737,1
3738,3
3739,3
3740,1
3741,4
3742,1
3743,1
3744,5
3745,2
3746,4
3747,3
3748,1
3749,2
3750,4
3751,5
3752,3
3753,4
3754,4
3755,2
3756,3
3757,1
3758,4
3759,2
3760,2
3761,4
3762,4
3763,2
3764,5
3765,1
3766,2
3767,3
3768,2
3769,5
3770,1
3771,2
3772,5
3773,5
3774,2
3775,4
3776,1
3777,4
3778,2
3779,1
3780,3
3781,4
3782,1
3783,1
3784,1
3785,1
3786,2
3787,1
3788,2
3789,3
3790,2
3791,2
3792,1
3793,4
3794,4
3795,1
3796,4
3797,3
3798,2
3799,2
3800,5
3801,3
3802,2
3803,4
3804,2
3805,1
3806,4
3807,1
3808,4
3809,5
3810,2
3811,1
3812,2
3813,2
3814,5
3815,1
3816,1
3817,1
3818,4
3819,5
3820,3
3821,2
3822,1
3823,5
3824,1
3825,1
3826,1
3827,2
3828,5
3829,4
3830,3
3831,1
3832,5
3833,1
3834,4
3835,2
3836,4
3837,4
3838,1
3839,1
3840,2
3841,3
3842,4
3843,5
3844,4
3845,2
3846,1
3847,5
3848,4
3849,4
3850,2
3851,2
3852,1
3853,4
3854,6
3855,4
3856,3
3857,1
3858,5
3859,1
3860,4
3861,1
3862,5
3863,1
3864,4
3865,2
3866,3
3867,4
3868,3
3869,2
3870,2
3871,6
3872,1
3873,4
3874,1
3875,2
3876,2
3877,2
3878,1
3879,2
3880,2
3881,1
3882,1
3883,2
3884,1
3885,3
3886,2
3887,1
3888,1
3889,4
3890,4
3891,1
3892,2
3893,3
3894,1
3895,1
3896,2
3897,4
3898,1
3899,1
3900,2
3901,1
3902,4
3903,1
3904,1
3905,2
3906,1
3907,4
3908,1
3909,1
3910,1
3911,2
3912,3
3913,3
3914,5
3915,1
3916,2
3917,2
3918,2
3919,3
3920,5
3921,2
3922,3
3923,2
3924,3
3925,3
3926,1
3927,3
3928,2
3929,2
3930,4
3931,1
3932,4
3933,1
3934,3
3935,3
3936,2
3937,5
3938,3
3939,3
3940,3
3941,1
3942,3
3943,4
3944,2
3945,2
3946,4
3947,2
3948,5
3949,3
3950,1
3951,3
3952,3
3953,3
3954,2
3955,2
3956,2
3957,1
3958,1
3959,3
3960,2
3961,2
3962,2
3963,4
3964,3
3965,3
3966,3
3967,2
3968,2
3969,5
3970,2
3971,5
3972,1
3973,5
3974,1
3975,2
3976,2
3977,1
3978,5
3979,2
3980,4
3981,2
3982,1
3983,1
3984,2
3985,1
3986,4
3987,1
3988,4
3989,1
3990,4
3991,1
3992,4
3993,4
3994,1
3995,2
3996,4
3997,1
3998,2
3999,3
4000,4
4001,2
4002,3
4003,4
4004,1
4005,5
4006,1
4007,3
4008,1
4009,4
4010,1
4011,3
4012,2
4013,2
4014,5
4015,3
4016,3
4017,1
4018,1
4019,2
4020,3
4021,1
4022,4
4023,1
4024,6
4025,2
4026,4
4027,1
4028,1
4029,1
4030,1
4031,1
4032,4
4033,2
4034,3
4035,1
4036,5
4037,3
4038,2
4039,4
4040,4
4041,2
4042,1
4043,5
4044,2
4045,4
4046,1
4047,3
4048,2
4049,1
4050,3
4051,4
4052,1
4053,1
4054,5
4055,2
4056,3
4057,2
4058,2
4059,4
4060,2
4061,5
4062,4
4063,2
4064,1
4065,3
4066,5
4067,1
4068,5
4069,1
4070,5
4071,1
4072,5
4073,4
4074,1
4075,1
4076,1
4077,1
4078,3
4079,5
4080,4
4081,1
4082,5
4083,1
4084,4
4085,1
4086,1
4087,4
4088,4
4089,1
4090,5
4091,1
4092,6
4093,3
4094,1
4095,4
4096,1
4097,5
4098,4
4099,4
4100,1
4101,3
4102,4
4103,5
4104,1
4105,1
4106,5
4107,2
4108,2
4109,1
4110,4
4111,1
4112,2
4113,1
4114,1
4115,1
4116,1
4117,6
4118,5
4119,2
4120,1
4121,3
4122,1
4123,1
4124,2
4125,3
4126,5
4127,1
4128,3
4129,3
4130,4
4131,4
4132,1
4133,3
4134,5
4135,2
4136,2
4137,3
4138,2
4139,4
4140,4
4141,3
4142,2
4143,5
4144,5
4145,4
4146,4
4147,1
4148,1
4149,2
4150,1
4151,5
4152,2
4153,2
4154,1
4155,4
4156,1
4157,5
4158,4
4159,5
4160,1
4161,1
4162,5
4163,2
4164,2
4165,1
4166,4
4167,4
4168,5
4169,3
4170,4
4171,2
4172,3
4173,4
4174,1
4175,6
4176,1
4177,1
4178,1
4179,2
4180,1
4181,1
4182,2
4183,1
4184,1
4185,4
4186,1
4187,2
4188,1
4189,4
4190,2
4191,3
4192,1
4193,2
4194,3
4195,3
4196,1
4197,4
4198,5
4199,1
4200,4
4201,2
4202,2
4203,1
4204,3
4205,6
4206,3
4207,3
4208,1
4209,3
4210,1
4211,4
4212,5
4213,2
4214,2
4215,1
4216,1
4217,4
4218,5
4219,4
4220,3
4221,5
4222,1
4223,3
4224,4
4225,5
4226,2
4227,3
4228,3
4229,2
4230,4
4231,1
4232,3
4233,1
4234,4
4235,1
4236,3
4237,1
4238,2
4239,4
4240,1
4241,2
4242,1
4243,4
4244,3
4245,1
4246,4
4247,5
4248,2
4249,5
4250,1
4251,1
4252,4
4253,2
4254,4
4255,1
4256,2
4257,1
4258,3
4259,1
4260,4
4261,5
4262,1
4263,3
4264,4
4265,1
4266,4
4267,1
4268,3
4269,2
4270,1
4271,2
4272,4
4273,3
4274,3
4275,2
4276,4
4277,3
4278,4
4279,5
4280,1
4281,3
4282,2
4283,2
4284,1
4285,5
4286,2
4287,4
4288,5
4289,5
4290,1
4291,3
4292,3
4293,2
4294,1
4295,3
4296,4
4297,2
4298,4
4299,4
4300,2
4301,1
4302,1
4303,4
4304,2
4305,3
4306,4
4307,2
4308,5
4309,2
4310,1
4311,1
4312,4
4313,1
4314,4
4315,3
4316,3
4317,1
4318,3
4319,3
4320,1
4321,1
4322,2
4323,4
4324,4
4325,4
4326,3
4327,4
4328,4
4329,1
4330,4
4331,3
4332,4
4333,1
4334,3
4335,1
4336,2
4337,1
4338,3
4339,4
4340,1
4341,4
4342,1
4343,1
4344,4
4345,1
4346,2
4347,5
4348,3
4349,3
4350,4
4351,2
4352,1
4353,1
4354,1
4355,5
4356,1
4357,1
4358,1
4359,2
4360,3
4361,1
4362,4
4363,2
4364,2
4365,1
4366,2
4367,5
4368,3
4369,1
4370,5
4371,4
4372,1
4373,3
4374,2
4375,1
4376,2
4377,4
4378,2
4379,1
4380,4
4381,1
4382,3
4383,3
4384,2
4385,1
4386,1
4387,1
4388,4
4389,5
4390,4
4391,3
4392,3
4393,4
4394,4
4395,4
4396,3
4397,1
4398,1
4399,5
4400,4
4401,2
4402,4
4403,3
4404,4
4405,1
4406,1
4407,1
4408,2
4409,1
4410,1
4411,1
4412,4
4413,3
4414,5
4415,2
4416,1
4417,1
4418,4
4419,3
4420,1
4421,4
4422,2
4423,1
4424,5
4425,3
4426,4
4427,1
4428,1
4429,4
4430,5
4431,1
4432,1
4433,1
4434,4
4435,1
4436,4
4437,2
4438,5
4439,4
4440,3
4441,1
4442,1
4443,1
4444,4
4445,1
4446,4
4447,1
4448,3
4449,3
4450,1
4451,5
4452,5
4453,1
4454,4
4455,1
4456,1
4457,3
4458,3
4459,1
4460,1
4461,2
4462,3
4463,1
4464,5
4465,4
4466,5
4467,1
4468,5
4469,5
4470,1
4471,2
4472,1
4473,3
4474,3
4475,4
4476,5
4477,1
4478,1
4479,5
4480,2
4481,1
4482,4
4483,1
4484,1
4485,1
4486,5
4487,2
4488,2
4489,1
4490,6
4491,2
4492,2
4493,2
4494,2
4495,2
4496,1
4497,3
4498,3
4499,1
4500,2
4501,2
4502,2
4503,1
4504,3
4505,3
4506,4
4507,4
4508,1
4509,6
4510,5
4511,5
4512,2
4513,5
4514,3
4515,5
4516,1
4517,1
4518,2
4519,3
4520,4
4521,1
4522,5
4523,3
4524,3
4525,5
4526,6
4527,3
4528,2
4529,1
4530,1
4531,2
4532,4
4533,1
4534,3
4535,1
4536,1
4537,4
4538,2
4539,3
4540,2
4541,2
4542,4
4543,3
4544,3
4545,2
4546,1
4547,1
4548,3
4549,1
4550,1
4551,3
4552,4
4553,5
4554,6
4555,4
4556,2
4557,1
4558,4
4559,4
4560,3
4561,1
4562,3
4563,3
4564,3
4565,2
4566,3
4567,2
4568,1
4569,2
4570,1
4571,1
4572,4
4573,1
4574,4
4575,1
4576,1
4577,2
4578,3
4579,1
4580,5
4581,3
4582,5
4583,3
4584,5
4585,3
4586,1
4587,1
4588,1
4589,3
4590,5
4591,3
4592,1
4593,4
4594,5
4595,1
4596,6
4597,1
4598,1
4599,3
4600,2
4601,2
4602,3
4603,4
4604,2
4605,2
4606,5
4607,5
4608,3
4609,3
4610,1
4611,3
4612,1
4613,1
4614,3
4615,3
4616,3
4617,2
4618,3
4619,1
4620,1
4621,4
4622,4
4623,1
4624,4
4625,2
4626,1
4627,2
4628,1
4629,1
4630,3
4631,4
4632,3
4633,3
4634,5
4635,3
4636,1
4637,2
4638,1
4639,3
4640,3
4641,1
4642,2
4643,1
4644,5
4645,4
4646,2
4647,2
4648,3
4649,3
4650,1
4651,2
4652,4
4653,1
4654,2
4655,1
4656,1
4657,1
4658,3
4659,5
4660,1
4661,1
4662,1
4663,4
4664,4
4665,2
4666,3
4667,4
4668,1
4669,5
4670,3
4671,4
4672,5
4673,3
4674,2
4675,5
4676,1
4677,3
4678,4
4679,3
4680,1
4681,2
4682,3
4683,1
4684,4
4685,1
4686,5
4687,4
4688,5
4689,1
4690,3
4691,1
4692,5
4693,3
4694,4
4695,2
4696,5
4697,5
4698,1
4699,1
4700,4
4701,3
4702,4
4703,1
4704,1
4705,5
4706,1
4707,4
4708,1
4709,2
4710,4
4711,1
4712,6
4713,1
4714,3
4715,1
4716,1
4717,1
4718,4
4719,3
4720,1
4721,1
4722,2
4723,4
4724,3
4725,4
4726,2
4727,3
4728,5
4729,2
4730,3
4731,1
4732,5
4733,1
4734,4
4735,4
4736,5
4737,1
4738,1
4739,2
4740,1
4741,2
4742,3
4743,1
4744,1
4745,1
4746,3
4747,3
4748,4
4749,2
4750,2
4751,1
4752,4
4753,3
4754,3
4755,4
4756,1
4757,3
4758,3
4759,4
4760,2
4761,3
4762,2
4763,4
4764,2
4765,4
4766,3
4767,3
4768,1
4769,5
4770,1
4771,5
4772,1
4773,3
4774,5
4775,3
4776,3
4777,1
4778,3
4779,4
4780,5
4781,2
4782,3
4783,1
4784,4
4785,4
4786,1
4787,1
4788,1
4789,1
4790,3
4791,1
4792,3
4793,2
4794,3
4795,4
4796,3
4797,2
4798,4
4799,4
4800,1
4801,5
4802,1
4803,5
4804,5
4805,1
4806,1
4807,2
4808,2
4809,4
4810,1
4811,3
4812,4
4813,1
4814,2
4815,4
4816,3
4817,2
4818,3
4819,2
4820,6
4821,4
4822,5
4823,3
4824,2
4825,1
4826,3
4827,3
4828,4
4829,2
4830,3
4831,1
4832,3
4833,2
4834,3
4835,3
4836,2
4837,1
4838,5
4839,1
4840,4
4841,4
4842,2
4843,3
4844,5
4845,5
4846,2
4847,4
4848,2
4849,2
4850,4
4851,2
4852,1
4853,2
4854,2
4855,3
4856,2
4857,4
4858,4
4859,4
4860,5
4861,3
4862,5
4863,2
4864,5
4865,1
4866,6
4867,2
4868,2
4869,3
4870,1
4871,5
4872,1
4873,3
4874,1
4875,1
4876,6
4877,2
4878,3
4879,3
4880,3
4881,3
4882,5
4883,4
4884,4
4885,1
4886,2
4887,2
4888,2
4889,2
4890,5
4891,1
4892,6
4893,2
4894,1
4895,4
4896,3
4897,6
4898,1
4899,3
4900,2
4901,2
4902,1
4903,2
4904,2
4905,5
4906,1
4907,4
4908,2
4909,2
4910,5
4911,4
4912,2
4913,3
4914,5
4915,2
4916,2
4917,1
4918,1
4919,1
4920,2
4921,4
4922,4
4923,3
4924,4
4925,5
4926,2
4927,3
4928,4
4929,3
4930,4
4931,1
4932,5
4933,1
4934,2
4935,4
4936,5
4937,5
4938,2
4939,1
4940,3
4941,4
4942,4
4943,5
4944,1
4945,3
4946,5
4947,1
4948,5
4949,2
4950,1
4951,1
4952,2
4953,5
4954,3
4955,5
4956,3
4957,4
4958,2
4959,3
4960,2
4961,3
4962,1
4963,4
4964,2
4965,3
4966,2
4967,2
4968,1
4969,3
4970,5
4971,3
4972,5
4973,4
4974,2
4975,3
4976,1
4977,1
4978,1
4979,2
4980,4
4981,2
4982,2
4983,1
4984,4
4985,4
4986,2
4987,4
4988,1
4989,1
4990,5
4991,2
4992,2
4993,4
4994,4
4995,1
4996,4
4997,1
4998,1
4999,2
5000,2
5001,1
5002,3
5003,1
5004,4
5005,3
5006,1
5007,1
5008,5
5009,2
5010,3
5011,2
5012,3
5013,3
5014,3
5015,5
5016,2
5017,1
5018,3
5019,4
5020,2
5021,3
5022,2
5023,2
5024,2
5025,1
5026,4
5027,1
5028,2
5029,2
5030,3
5031,1
5032,4
5033,2
5034,1
5035,5
5036,4
5037,3
5038,3
5039,3
5040,1
5041,5
5042,1
5043,3
5044,1
5045,2
5046,4
5047,3
5048,1
5049,4
5050,2
5051,3
5052,2
5053,2
5054,5
5055,4
5056,2
5057,2
5058,3
5059,3
5060,1
5061,5
5062,2
5063,5
5064,2
5065,1
5066,6
5067,1
5068,3
5069,5
5070,1
5071,1
5072,1
5073,1
5074,3
5075,4
5076,3
5077,2
5078,3
5079,1
5080,1
5081,4
5082,4
5083,3
5084,1
5085,1
5086,3
5087,1
5088,4
5089,1
5090,4
5091,1
5092,4
5093,5
5094,2
5095,4
5096,1
5097,2
5098,2
5099,3
5100,3
5101,5
5102,4
5103,3
5104,3
5105,1
5106,3
5107,3
5108,4
5109,1
5110,4
5111,5
5112,3
5113,2
5114,1
5115,4
5116,5
5117,1
5118,2
5119,2
5120,2
5121,3
5122,3
5123,3
5124,5
5125,1
5126,2
5127,3
5128,4
5129,3
5130,4
5131,2
5132,4
5133,4
5134,2
5135,2
5136,4
5137,5
5138,2
5139,1
5140,1
5141,1
5142,1
5143,3
5144,1
5145,3
5146,1
5147,2
5148,3
5149,4
5150,2
5151,1
5152,5
5153,4
5154,6
5155,3
5156,4
5157,2
5158,4
5159,4
5160,4
5161,5
5162,3
5163,4
5164,4
5165,4
5166,3
5167,4
5168,4
5169,4
5170,3
5171,1
5172,3
5173,2
5174,1
5175,2
5176,1
5177,1
5178,1
5179,1
5180,5
5181,2
5182,3
5183,5
5184,4
5185,4
5186,1
5187,1
5188,3
5189,1
5190,4
5191,3
5192,2
5193,5
5194,4
5195,4
5196,4
5197,2
5198,2
5199,2
5200,1
5201,2
5202,2
5203,4
5204,3
5205,1
5206,4
5207,3
5208,2
5209,1
5210,1
5211,1
5212,3
5213,1
5214,6
5215,2
5216,2
5217,3
5218,1
5219,1
5220,2
5221,3
5222,4
5223,4
5224,3
5225,3
5226,4
5227,3
5228,4
5229,5
5230,2
5231,2
5232,5
5233,5
5234,2
5235,2
5236,2
5237,2
5238,1
5239,2
5240,4
5241,4
5242,1
5243,3
5244,1
5245,2
5246,1
5247,2
5248,1
5249,1
5250,4
5251,5
5252,4
5253,2
5254,1
5255,4
5256,4
5257,4
5258,4
5259,4
5260,1
5261,3
5262,1
5263,4
5264,1
5265,2
5266,4
5267,1
5268,3
5269,3
5270,1
5271,4
5272,3
5273,2
5274,1
5275,5
5276,1
5277,2
5278,1
5279,4
5280,2
5281,4
5282,4
5283,5
5284,3
5285,4
5286,4
5287,3
5288,5
5289,1
5290,1
5291,3
5292,3
5293,2
5294,1
5295,2
5296,3
5297,2
5298,1
5299,1
5300,2
5301,5
5302,3
5303,3
5304,1
5305,1
5306,5
5307,1
5308,5
5309,1
5310,3
5311,1
5312,4
5313,2
5314,3
5315,2
5316,2
5317,1
5318,1
5319,5
5320,4
5321,2
5322,1
5323,1
5324,4
5325,2
5326,1
5327,1
5328,2
5329,4
5330,4
5331,3
5332,1
5333,5
5334,1
5335,1
5336,1
5337,3
5338,5
5339,1
5340,3
5341,1
5342,3
5343,1
5344,2
5345,5
5346,2
5347,5
5348,1
5349,2
5350,4
5351,1
5352,5
5353,3
5354,1
5355,2
5356,1
5357,3
5358,2
5359,1
5360,2
5361,4
5362,1
5363,1
5364,2
5365,1
5366,2
5367,3
5368,2
5369,4
5370,4
5371,5
5372,1
5373,1
5374,1
5375,1
5376,1
5377,3
5378,5
5379,3
5380,1
5381,3
5382,2
5383,3
5384,5
5385,2
5386,1
5387,1
5388,2
5389,3
5390,2
5391,2
5392,5
5393,5
5394,1
5395,3
5396,5
5397,3
5398,1
5399,2
5400,3
5401,1
5402,4
5403,2
5404,3
5405,4
5406,1
5407,1
5408,3
5409,2
5410,4
5411,1
5412,1
5413,4
5414,1
5415,4
5416,4
5417,3
5418,3
5419,2
5420,4
5421,1
5422,3
5423,1
5424,3
5425,2
5426,2
5427,3
5428,3
5429,1
5430,3
5431,3
5432,2
5433,5
5434,1
5435,3
5436,2
5437,3
5438,1
5439,4
5440,1
5441,1
5442,3
5443,2
5444,4
5445,4
5446,2
5447,5
5448,1
5449,1
5450,1
5451,5
5452,3
5453,3
5454,4
5455,5
5456,1
5457,2
5458,2
5459,1
5460,2
5461,1
5462,6
5463,1
5464,1
5465,2
5466,4
5467,2
5468,3
5469,5
5470,4
5471,2
5472,1
5473,2
5474,1
5475,5
5476,1
5477,3
5478,4
5479,1
5480,1
5481,3
5482,3
5483,3
5484,3
5485,2
5486,4
5487,2
5488,2
5489,5
5490,5
5491,3
5492,2
5493,1
5494,4
5495,1
5496,2
5497,3
5498,1
5499,4
5500,1
5501,3
5502,1
5503,2
5504,5
5505,5
5506,3
5507,1
5508,1
5509,1
5510,1
5511,1
5512,1
5513,3
5514,3
5515,1
5516,2
5517,4
5518,1
5519,1
5520,3
5521,5
5522,5
5523,1
5524,2
5525,4
5526,4
5527,5
5528,4
5529,4
5530,2
5531,1
5532,4
5533,2
5534,1
5535,1
5536,1
5537,1
5538,4
5539,2
5540,5
5541,1
5542,3
5543,3
5544,2
5545,1
5546,1
5547,5
5548,3
5549,5
5550,2
5551,4
5552,2
5553,4
5554,3
5555,5
5556,3
5557,3
5558,1
5559,2
5560,2
5561,3
5562,4
5563,1
5564,1
5565,2
5566,1
5567,2
5568,5
5569,4
5570,2
5571,1
5572,5
5573,1
5574,3
5575,1
5576,1
5577,5
5578,2
5579,1
5580,2
5581,3
5582,3
5583,3
5584,1
5585,2
5586,4
5587,2
5588,3
5589,3
5590,1
5591,5
5592,4
5593,3
5594,3
5595,1
5596,4
5597,2
5598,1
5599,3
5600,1
5601,1
5602,4
5603,1
5604,2
5605,5
5606,6
5607,1
5608,1
5609,5
5610,5
5611,1
5612,3
5613,3
5614,3
5615,4
5616,2
5617,1
5618,4
5619,3
5620,1
5621,3
5622,4
5623,3
5624,5
5625,4
5626,2
5627,4
5628,1
5629,3
5630,5
5631,1
5632,1
5633,2
5634,2
5635,1
5636,4
5637,2
5638,1
5639,4
5640,4
5641,4
5642,1
5643,2
5644,1
5645,3
5646,2
5647,1
5648,1
5649,4
5650,3
5651,3
5652,1
5653,2
5654,1
5655,3
5656,1
5657,1
5658,1
5659,2
5660,1
5661,3
5662,2
5663,1
5664,3
5665,3
5666,1
5667,1
5668,5
5669,2
5670,1
5671,2
5672,3
5673,2
5674,4
5675,2
5676,5
5677,2
5678,3
5679,1
5680,3
5681,4
5682,1
5683,3
5684,4
5685,4
5686,1
5687,5
5688,2
5689,2
5690,4
5691,4
5692,2
5693,3
5694,2
5695,4
5696,2
5697,2
5698,3
5699,2
5700,1
5701,1
5702,1
5703,2
5704,3
5705,5
5706,1
5707,5
5708,5
5709,4
5710,1
5711,3
5712,2
5713,3
5714,1
5715,3
5716,1
5717,5
5718,5
5719,2
5720,2
5721,2
5722,2
5723,1
5724,6
5725,1
5726,2
5727,4
5728,3
5729,1
5730,3
5731,3
5732,1
5733,5
5734,4
5735,1
5736,3
5737,3
5738,1
5739,4
5740,2
5741,3
5742,2
5743,2
5744,2
5745,4
5746,5
5747,3
5748,1
5749,1
5750,1
5751,1
5752,2
5753,2
5754,2
5755,1
5756,2
5757,1
5758,3
5759,2
5760,3
5761,3
5762,2
5763,2
5764,1
5765,1
5766,2
5767,5
5768,5
5769,4
5770,1
5771,2
5772,4
5773,4
5774,3
5775,5
5776,2
5777,2
5778,4
5779,4
5780,1
5781,6
5782,1
5783,1
5784,5
5785,1
5786,1
5787,3
5788,3
5789,5
5790,5
5791,2
5792,1
5793,5
5794,2
5795,4
5796,1
5797,3
5798,2
5799,1
5800,3
5801,3
5802,4
5803,4
5804,5
5805,1
5806,2
5807,4
5808,2
5809,1
5810,3
5811,4
5812,4
5813,4
5814,5
5815,4
5816,2
5817,3
5818,2
5819,4
5820,4
5821,1
5822,2
5823,3
5824,1
5825,5
5826,3
5827,3
5828,2
5829,5
5830,3
5831,2
5832,2
5833,1
5834,1
5835,6
5836,4
5837,1
5838,1
5839,2
5840,4
5841,1
5842,5
5843,4
5844,4
5845,4
5846,2
5847,4
5848,2
5849,3
5850,5
5851,5
5852,1
5853,3
5854,1
5855,4
5856,1
5857,2
5858,2
5859,3
5860,3
5861,4
5862,2
5863,3
5864,1
5865,2
5866,5
5867,2
5868,1
5869,1
5870,3
5871,3
5872,1
5873,2
5874,2
5875,3
5876,2
5877,4
5878,3
5879,1
5880,1
5881,3
5882,2
5883,1
5884,6
5885,4
5886,3
5887,1
5888,1
5889,5
5890,1
5891,3
5892,3
5893,1
5894,1
5895,3
5896,2
5897,2
5898,4
5899,2
5900,1
5901,3
5902,4
5903,1
5904,1
5905,4
5906,2
5907,1
5908,4
5909,2
5910,2
5911,2
5912,1
5913,5
5914,1
5915,2
5916,3
5917,5
5918,3
5919,2
5920,5
5921,5
5922,5
5923,3
5924,3
5925,2
5926,1
5927,5
5928,1
5929,1
5930,4
5931,1
5932,3
5933,1
5934,5
5935,4
5936,2
5937,4
5938,4
5939,2
5940,4
5941,1
5942,1
5943,5
5944,1
5945,5
5946,4
5947,1
5948,3
5949,5
5950,3
5951,1
5952,1
5953,1
5954,2
5955,1
5956,3
5957,2
5958,5
5959,4
5960,3
5961,6
5962,2
5963,2
5964,1
5965,4
5966,2
5967,1
5968,2
5969,1
5970,2
5971,3
5972,3
5973,3
5974,5
5975,1
5976,2
5977,3
5978,1
5979,3
5980,2
5981,1
5982,2
5983,4
5984,1
5985,1
5986,2
5987,1
5988,2
5989,1
5990,1
5991,5
5992,4
5993,3
5994,2
5995,5
5996,1
5997,1
5998,1
5999,5
6000,5
6001,2
6002,1
6003,4
6004,2
6005,3
6006,5
6007,1
6008,5
6009,4
6010,3
6011,5
6012,1
6013,3
6014,2
6015,1
6016,1
6017,1
6018,2
6019,2
6020,4
6021,3
6022,3
6023,3
6024,2
6025,3
6026,5
6027,2
6028,2
6029,1
6030,4
6031,1
6032,6
6033,1
6034,3
6035,2
6036,4
6037,1
6038,4
6039,3
6040,4
6041,2
6042,4
6043,3
6044,4
6045,2
6046,3
6047,3
6048,5
6049,3
6050,3
6051,1
6052,4
6053,3
6054,2
6055,1
6056,1
6057,3
6058,3
6059,1
6060,2
6061,5
6062,3
6063,3
6064,4
6065,2
6066,1
6067,4
6068,4
6069,2
6070,3
6071,6
6072,4
6073,3
6074,3
6075,1
6076,3
6077,2
6078,4
6079,3
6080,4
6081,3
6082,2
6083,4
6084,1
6085,1
6086,1
6087,5
6088,3
6089,5
6090,1
6091,4
6092,3
6093,2
6094,3
6095,5
6096,3
6097,3
6098,2
6099,4
6100,2
6101,2
6102,5
6103,3
6104,1
6105,1
6106,3
6107,1
6108,2
6109,1
6110,1
6111,3
6112,5
6113,1
6114,2
6115,4
6116,4
6117,5
6118,4
6119,1
6120,3
6121,3
6122,5
6123,3
6124,3
6125,3
6126,3
6127,1
6128,1
6129,4
6130,2
6131,3
6132,2
6133,1
6134,2
6135,1
6136,2
6137,1
6138,2
6139,3
6140,1
6141,2
6142,1
6143,1
6144,4
6145,4
6146,3
6147,1
6148,3
6149,1
6150,4
6151,4
6152,1
6153,3
6154,2
6155,2
6156,1
6157,2
6158,2
6159,1
6160,4
6161,4
6162,4
6163,2
6164,1
6165,4
6166,3
6167,4
6168,2
6169,3
6170,5
6171,3
6172,2
6173,1
6174,2
6175,4
6176,2
6177,4
6178,2
6179,1
6180,3
6181,2
6182,5
6183,1
6184,3
6185,1
6186,2
6187,1
6188,1
6189,2
6190,5
6191,5
6192,3
6193,5
6194,2
6195,4
6196,1
6197,4
6198,1
6199,1
6200,3
6201,2
6202,4
6203,1
6204,5
6205,4
6206,4
6207,2
6208,2
6209,4
6210,2
6211,2
6212,4
6213,3
6214,3
6215,1
6216,3
6217,3
6218,4
6219,1
6220,3
6221,4
6222,1
6223,3
6224,1
6225,5
6226,1
6227,5
6228,3
6229,2
6230,1
6231,3
6232,4
6233,3
6234,4
6235,1
6236,4
6237,1
6238,3
6239,5
6240,1
6241,4
6242,2
6243,2
6244,3
6245,5
6246,1
6247,1
6248,2
6249,1
6250,1
6251,3
6252,1
6253,3
6254,3
6255,5
6256,3
6257,1
6258,4
6259,3
6260,2
6261,3
6262,5
6263,3
6264,3
6265,4
6266,3
6267,1
6268,1
6269,1
6270,2
6271,3
6272,1
6273,1
6274,5
6275,1
6276,5
6277,1
6278,2
6279,4
6280,3
6281,3
6282,4
6283,2
6284,2
6285,1
6286,2
6287,2
6288,2
6289,1
6290,1
6291,2
6292,2
6293,1
6294,2
6295,3
6296,2
6297,3
6298,3
6299,1
6300,4
6301,3
6302,1
6303,2
6304,1
6305,3
6306,4
6307,1
6308,1
6309,4
6310,1
6311,1
6312,4
6313,1
6314,1
6315,6
6316,1
6317,3
6318,3
6319,2
6320,2
6321,1
6322,5
6323,4
6324,3
6325,5
6326,2
6327,3
6328,3
6329,1
6330,1
6331,4
6332,4
6333,1
6334,3
6335,2
6336,2
6337,3
6338,5
6339,4
6340,1
6341,3
6342,2
6343,4
6344,4
6345,1
6346,2
6347,4
6348,1
6349,3
6350,2
6351,1
6352,1
6353,2
6354,3
6355,4
6356,1
6357,4
6358,3
6359,4
6360,1
6361,3
6362,1
6363,2
6364,1
6365,3
6366,1
6367,3
6368,3
6369,5
6370,2
6371,4
6372,1
6373,2
6374,3
6375,3
6376,1
6377,2
6378,3
6379,4
6380,1
6381,4
6382,3
6383,3
6384,1
6385,4
6386,2
6387,3
6388,1
6389,5
6390,2
6391,2
6392,1
6393,4
6394,1
6395,2
6396,3
6397,4
6398,4
6399,5
6400,1
6401,5
6402,4
6403,3
6404,3
6405,2
6406,3
6407,4
6408,5
6409,5
6410,1
6411,1
6412,5
6413,3
6414,2
6415,4
6416,1
6417,1
6418,2
6419,1
6420,3
6421,3
6422,4
6423,5
6424,1
6425,1
6426,1
6427,1
6428,3
6429,1
6430,1
6431,2
6432,3
6433,2
6434,3
6435,4
6436,3
6437,5
6438,2
6439,2
6440,4
6441,3
6442,1
6443,4
6444,1
6445,3
6446,2
6447,1
6448,2
6449,1
6450,1
6451,1
6452,3
6453,1
6454,5
6455,4
6456,2
6457,3
6458,4
6459,4
6460,1
6461,3
6462,3
6463,3
6464,3
6465,4
6466,2
6467,4
6468,2
6469,2
6470,2
6471,3
6472,2
6473,1
6474,1
6475,1
6476,2
6477,1
6478,4
6479,2
6480,2
6481,2
6482,1
6483,1
6484,2
6485,5
6486,3
6487,4
6488,3
6489,1
6490,1
6491,1
6492,5
6493,2
6494,3
6495,5
6496,1
6497,2
6498,1
6499,2
6500,1
6501,1
6502,3
6503,3
6504,3
6505,4
6506,2
6507,3
6508,2
6509,4
6510,1
6511,5
6512,1
6513,2
6514,3
6515,1
6516,1
6517,2
6518,4
6519,3
6520,1
6521,1
6522,2
6523,1
6524,5
6525,1
6526,4
6527,1
6528,4
6529,1
6530,5
6531,2
6532,1
6533,1
6534,1
6535,1
6536,1
6537,1
6538,3
6539,3
6540,4
6541,1
6542,2
6543,2
6544,1
6545,1
6546,2
6547,1
6548,1
6549,1
6550,4
6551,1
6552,4
6553,4
6554,6
6555,1
6556,3
6557,2
6558,2
6559,5
6560,4
6561,1
6562,2
6563,4
6564,3
6565,4
6566,4
6567,1
6568,1
6569,2
6570,1
6571,2
6572,4
6573,1
6574,2
6575,1
6576,3
6577,2
6578,3
6579,1
6580,2
6581,3
6582,3
6583,4
6584,1
6585,4
6586,3
6587,4
6588,3
6589,1
6590,1
6591,2
6592,3
6593,2
6594,1
6595,3
6596,1
6597,1
6598,5
6599,5
6600,5
6601,4
6602,4
6603,3
6604,1
6605,1
6606,1
6607,2
6608,1
6609,1
6610,5
6611,1
6612,3
6613,5
6614,3
6615,2
6616,2
6617,1
6618,2
6619,1
6620,1
6621,5
6622,2
6623,2
6624,1
6625,1
6626,3
6627,4
6628,4
6629,1
6630,2
6631,1
6632,2
6633,1
6634,5
6635,3
6636,5
6637,4
6638,6
6639,2
6640,5
6641,4
6642,2
6643,2
6644,2
6645,4
6646,1
6647,2
6648,4
6649,5
6650,3
6651,1
6652,4
6653,1
6654,5
6655,5
6656,4
6657,2
6658,3
6659,4
6660,4
6661,3
6662,3
6663,4
6664,2
6665,4
6666,6
6667,1
6668,2
6669,1
6670,3
6671,5
6672,1
6673,5
6674,4
6675,1
6676,2
6677,5
6678,2
6679,1
6680,1
6681,3
6682,4
6683,5
6684,1
6685,1
6686,1
6687,1
6688,2
6689,2
6690,4
6691,3
6692,3
6693,1
6694,5
6695,4
6696,3
6697,3
6698,3
6699,1
6700,1
6701,4
6702,1
6703,2
6704,1
6705,1
6706,5
6707,4
6708,1
6709,4
6710,3
6711,1
6712,5
6713,1
6714,3
6715,2
6716,2
6717,5
6718,2
6719,2
6720,1
6721,1
6722,1
6723,4
6724,1
6725,3
6726,4
6727,2
6728,2
6729,2
6730,1
6731,1
6732,4
6733,4
6734,5
6735,5
6736,1
6737,1
6738,1
6739,3
6740,1
6741,4
6742,1
6743,3
6744,1
6745,1
6746,2
6747,3
6748,2
6749,2
6750,1
6751,1
6752,2
6753,4
6754,5
6755,1
6756,3
6757,1
6758,5
6759,4
6760,1
6761,3
6762,3
6763,2
6764,2
6765,5
6766,3
6767,3
6768,4
6769,2
6770,3
6771,1
6772,1
6773,2
6774,1
6775,1
6776,1
6777,4
6778,5
6779,4
6780,2
6781,3
6782,5
6783,1
6784,1
6785,2
6786,3
6787,2
6788,1
6789,4
6790,3
6791,3
6792,3
6793,5
6794,2
6795,1
6796,3
6797,1
6798,2
6799,1
6800,2
6801,4
6802,1
6803,3
6804,3
6805,4
6806,3
6807,4
6808,1
6809,5
6810,1
6811,1
6812,3
6813,1
6814,1
6815,1
6816,4
6817,3
6818,1
6819,1
6820,5
6821,3
6822,1
6823,5
6824,1
6825,5
6826,4
6827,5
6828,2
6829,3
6830,2
6831,1
6832,1
6833,5
6834,3
6835,2
6836,3
6837,4
6838,3
6839,1
6840,4
6841,4
6842,2
6843,4
6844,1
6845,2
6846,2
6847,3
6848,2
6849,2
6850,2
6851,1
6852,1
6853,5
6854,1
6855,3
6856,3
6857,3
6858,1
6859,2
6860,1
6861,1
6862,5
6863,5
6864,1
6865,1
6866,3
6867,3
6868,2
6869,1
6870,6
6871,2
6872,2
6873,4
6874,1
6875,3
6876,4
6877,2
6878,3
6879,3
6880,3
6881,2
6882,1
6883,3
6884,2
6885,5
6886,4
6887,4
6888,1
6889,3
6890,4
6891,5
6892,4
6893,2
6894,2
6895,3
6896,3
6897,5
6898,2
6899,3
6900,5
6901,5
6902,2
6903,2
6904,3
6905,2
6906,4
6907,4
6908,2
6909,4
6910,2
6911,5
6912,6
6913,1
6914,1
6915,4
6916,4
6917,5
6918,1
6919,2
6920,1
6921,3
6922,3
6923,1
6924,1
6925,1
6926,2
6927,3
6928,4
6929,1
6930,2
6931,1
6932,3
6933,3
6934,4
6935,1
6936,1
6937,5
6938,1
6939,2
6940,3
6941,1
6942,2
6943,2
6944,2
6945,1
6946,4
6947,2
6948,5
6949,2
6950,2
6951,3
6952,2
6953,2
6954,1
6955,1
6956,3
6957,5
6958,4
6959,4
6960,2
6961,4
6962,3
6963,5
6964,5
6965,2
6966,3
6967,4
6968,3
6969,3
6970,5
6971,2
6972,3
6973,2
6974,1
6975,1
6976,1
6977,3
6978,4
6979,1
6980,1
6981,2
6982,4
6983,4
6984,1
6985,2
6986,2
6987,4
6988,1
6989,1
6990,2
6991,4
6992,2
6993,2
6994,1
6995,2
6996,3
6997,5
6998,1
6999,4
7000,3
7001,2
7002,2
7003,3
7004,5
7005,1
7006,3
7007,4
7008,2
7009,2
7010,5
7011,1
7012,1
7013,2
7014,3
7015,1
7016,1
7017,5
7018,2
7019,5
7020,1
7021,1
7022,2
7023,4
7024,1
7025,2
7026,1
7027,1
7028,5
7029,2
7030,3
7031,1
7032,5
7033,1
7034,3
7035,1
7036,3
7037,4
7038,4
7039,1
7040,3
7041,3
7042,4
7043,1
7044,6
7045,3
7046,5
7047,1
7048,4
7049,2
7050,2
7051,3
7052,4
7053,5
7054,2
7055,3
7056,4
7057,3
7058,3
7059,3
7060,4
7061,5
7062,4
7063,1
7064,5
7065,2
7066,1
7067,1
7068,4
7069,3
7070,1
7071,2
7072,5
7073,1
7074,1
7075,5
7076,2
7077,1
7078,2
7079,2
7080,2
7081,5
7082,2
7083,4
7084,1
7085,6
7086,4
7087,2
7088,5
7089,3
7090,1
7091,1
7092,4
7093,1
7094,4
7095,3
7096,4
7097,1
7098,3
7099,4
7100,1
7101,3
7102,4
7103,1
7104,4
7105,4
7106,1
7107,2
7108,3
7109,4
7110,4
7111,2
7112,3
7113,3
7114,1
7115,3
7116,3
7117,2
7118,2
7119,1
7120,1
7121,5
7122,1
7123,1
7124,1
7125,4
7126,4
7127,2
7128,1
7129,3
7130,1
7131,1
7132,2
7133,3
7134,4
7135,4
7136,2
7137,3
7138,3
7139,4
7140,3
7141,2
7142,6
7143,3
7144,2
7145,2
7146,3
7147,1
7148,3
7149,5
7150,2
7151,2
7152,3
7153,5
7154,4
7155,1
7156,3
7157,5
7158,1
7159,2
7160,5
7161,4
7162,2
7163,3
7164,4
7165,2
7166,2
7167,3
7168,3
7169,1
7170,1
7171,3
7172,5
7173,4
7174,3
7175,1
7176,3
7177,1
7178,1
7179,4
7180,1
7181,4
7182,2
7183,4
7184,1
7185,4
7186,3
7187,1
7188,5
7189,2
7190,1
7191,1
7192,4
7193,6
7194,3
7195,1
7196,1
7197,2
7198,5
7199,4
7200,4
7201,3
7202,3
7203,1
7204,1
7205,1
7206,4
7207,2
7208,5
7209,3
7210,5
7211,3
7212,4
7213,4
7214,1
7215,4
7216,4
7217,4
7218,1
7219,5
7220,4
7221,3
7222,1
7223,3
7224,5
7225,3
7226,2
7227,5
7228,2
7229,3
7230,1
7231,1
7232,5
7233,2
7234,4
7235,2
7236,1
7237,1
7238,1
7239,2
7240,4
7241,3
7242,4
7243,2
7244,2
7245,4
7246,4
7247,4
7248,1
7249,5
7250,5
7251,3
7252,2
7253,4
7254,1
7255,2
7256,2
7257,1
7258,2
7259,3
7260,1
7261,3
7262,3
7263,3
7264,2
7265,3
7266,4
7267,4
7268,4
7269,2
7270,1
7271,2
7272,3
7273,1
7274,2
7275,4
7276,2
7277,3
7278,2
7279,1
7280,4
7281,4
7282,4
7283,1
7284,1
7285,1
7286,1
7287,2
7288,5
7289,3
7290,3
7291,3
7292,4
7293,5
7294,2
7295,2
7296,2
7297,3
7298,1
7299,3
7300,2
7301,1
7302,5
7303,3
7304,4
7305,4
7306,1
7307,2
7308,1
7309,5
7310,1
7311,1
7312,5
7313,2
7314,1
7315,1
7316,1
7317,3
7318,3
7319,1
7320,2
7321,1
7322,2
7323,2
7324,2
7325,1
7326,1
7327,5
7328,4
7329,2
7330,1
7331,3
7332,1
7333,4
7334,1
7335,1
7336,1
7337,4
7338,5
7339,2
7340,1
7341,3
7342,4
7343,1
7344,1
7345,4
7346,1
7347,1
7348,1
7349,1
7350,4
7351,1
7352,1
7353,5
7354,4
7355,4
7356,4
7357,4
7358,3
7359,1
7360,3
7361,4
7362,2
7363,2
7364,2
7365,1
7366,4
7367,5
7368,1
7369,5
7370,2
7371,1
7372,5
7373,3
7374,1
7375,3
7376,1
7377,4
7378,2
7379,3
7380,1
7381,3
7382,3
7383,4
7384,3
7385,2
7386,1
7387,1
7388,1
7389,3
7390,2
7391,2
7392,4
7393,4
7394,4
7395,1
7396,1
7397,3
7398,2
7399,5
7400,3
7401,1
7402,2
7403,3
7404,5
7405,2
7406,2
7407,2
7408,2
7409,2
7410,3
7411,3
7412,2
7413,2
7414,2
7415,1
7416,5
7417,2
7418,2
7419,4
7420,1
7421,4
7422,4
7423,2
7424,4
7425,5
7426,2
7427,4
7428,1
7429,4
7430,4
7431,5
7432,4
7433,4
7434,1
7435,3
7436,5
7437,4
7438,1
7439,6
7440,3
7441,2
7442,2
7443,1
7444,1
7445,4
7446,3
7447,2
7448,3
7449,1
7450,1
7451,2
7452,2
7453,4
7454,2
7455,3
7456,4
7457,2
7458,4
7459,1
7460,2
7461,3
7462,1
7463,2
7464,1
7465,4
7466,2
7467,1
7468,3
7469,5
7470,5
7471,2
7472,1
7473,1
7474,2
7475,1
7476,4
7477,2
7478,1
7479,2
7480,2
7481,2
7482,2
7483,5
7484,5
7485,5
7486,1
7487,4
7488,1
7489,1
7490,5
7491,1
7492,5
7493,1
7494,3
7495,1
7496,3
7497,2
7498,2
7499,1
7500,3
7501,4
7502,2
7503,3
7504,1
7505,1
7506,5
7507,4
7508,4
7509,1
7510,1
7511,3
7512,4
7513,1
7514,4
7515,1
7516,3
7517,4
7518,1
7519,2
7520,5
7521,1
7522,1
7523,1
7524,1
7525,3
7526,1
7527,1
7528,2
7529,3
7530,3
7531,1
7532,5
7533,3
7534,5
7535,4
7536,3
7537,5
7538,1
7539,4
7540,1
7541,1
7542,2
7543,1
7544,2
7545,1
7546,1
7547,2
7548,2
7549,1
7550,2
7551,3
7552,2
7553,4
7554,3
7555,3
7556,1
7557,4
7558,1
7559,1
7560,5
7561,3
7562,1
7563,2
7564,1
7565,2
7566,2
7567,5
7568,1
7569,4
7570,4
7571,2
7572,2
7573,6
7574,2
7575,5
7576,4
7577,3
7578,2
7579,5
7580,3
7581,2
7582,3
7583,3
7584,4
7585,1
7586,2
7587,1
7588,2
7589,4
7590,1
7591,2
7592,1
7593,3
7594,1
7595,5
7596,4
7597,3
7598,1
7599,1
7600,3
7601,2
7602,4
7603,2
7604,2
7605,6
7606,3
7607,2
7608,3
7609,4
7610,2
7611,6
7612,1
7613,2
7614,3
7615,1
7616,4
7617,6
7618,4
7619,2
7620,1
7621,4
7622,3
7623,4
7624,3
7625,4
7626,1
7627,4
7628,3
7629,1
7630,3
7631,3
7632,3
7633,1
7634,1
7635,3
7636,5
7637,3
7638,2
7639,2
7640,4
7641,6
7642,2
7643,4
7644,5
7645,2
7646,1
7647,3
7648,5
7649,1
7650,1
7651,4
7652,4
7653,3
7654,2
7655,1
7656,4
7657,3
7658,4
7659,4
7660,4
7661,1
7662,3
7663,5
7664,3
7665,1
7666,2
7667,3
7668,5
7669,1
7670,5
7671,1
7672,2
7673,2
7674,3
7675,4
7676,3
7677,1
7678,1
7679,1
7680,1
7681,3
7682,5
7683,1
7684,1
7685,2
7686,1
7687,4
7688,4
7689,3
7690,4
7691,4
7692,4
7693,2
7694,2
7695,4
7696,4
7697,4
7698,1
7699,4
7700,1
7701,5
7702,4
7703,4
7704,1
7705,1
7706,6
7707,1
7708,2
7709,1
7710,3
7711,5
7712,1
7713,1
7714,3
7715,3
7716,4
7717,1
7718,1
7719,1
7720,1
7721,1
7722,3
7723,1
7724,3
7725,1
7726,4
7727,1
7728,1
7729,1
7730,2
7731,3
7732,2
7733,3
7734,3
7735,2
7736,3
7737,1
7738,4
7739,6
7740,4
7741,1
7742,2
7743,5
7744,3
7745,3
7746,1
7747,1
7748,1
7749,2
7750,1
7751,4
7752,4
7753,1
7754,3
7755,1
7756,5
7757,1
7758,3
7759,1
7760,5
7761,2
7762,4
7763,3
7764,3
7765,4
7766,2
7767,2
7768,5
7769,1
7770,1
7771,4
7772,4
7773,1
7774,1
7775,3
7776,1
7777,3
7778,4
7779,1
7780,6
7781,4
7782,2
7783,1
7784,3
7785,4
7786,4
7787,3
7788,4
7789,1
7790,5
7791,1
7792,1
7793,3
7794,1
7795,1
7796,3
7797,3
7798,5
7799,2
7800,1
7801,5
7802,3
7803,2
7804,1
7805,4
7806,4
7807,2
7808,4
7809,5
7810,6
7811,2
7812,1
7813,3
7814,1
7815,1
7816,1
7817,3
7818,4
7819,1
7820,2
7821,3
7822,1
7823,2
7824,4
7825,4
7826,3
7827,5
7828,4
7829,5
7830,3
7831,4
7832,1
7833,1
7834,4
7835,1
7836,3
7837,1
7838,1
7839,2
7840,1
7841,1
7842,1
7843,4
7844,3
7845,3
7846,4
7847,2
7848,1
7849,2
7850,1
7851,2
7852,1
7853,2
7854,3
7855,1
7856,3
7857,1
7858,4
7859,3
7860,1
7861,2
7862,1
7863,1
7864,1
7865,5
7866,4
7867,2
7868,1
7869,1
7870,1
7871,4
7872,2
7873,2
7874,1
7875,2
7876,5
7877,2
7878,2
7879,2
7880,2
7881,1
7882,4
7883,1
7884,1
7885,1
7886,2
7887,3
7888,1
7889,1
7890,1
7891,4
7892,3
7893,4
7894,1
7895,3
7896,1
7897,2
7898,2
7899,1
7900,4
7901,1
7902,5
7903,1
7904,1
7905,3
7906,3
7907,4
7908,5
7909,2
7910,4
7911,1
7912,1
7913,2
7914,2
7915,2
7916,3
7917,2
7918,3
7919,5
7920,1
7921,4
7922,2
7923,3
7924,1
7925,1
7926,1
7927,1
7928,1
7929,3
7930,3
7931,4
7932,4
7933,3
7934,1
7935,3
7936,1
7937,1
7938,2
7939,1
7940,2
7941,5
7942,4
7943,4
7944,2
7945,4
7946,3
7947,2
7948,2
7949,3
7950,1
7951,3
7952,1
7953,4
7954,1
7955,5
7956,2
7957,1
7958,1
7959,1
7960,2
7961,3
7962,5
7963,4
7964,1
7965,1
7966,2
7967,6
7968,1
7969,1
7970,4
7971,2
7972,1
7973,1
7974,2
7975,2
7976,2
7977,2
7978,4
7979,1
7980,2
7981,1
7982,4
7983,2
7984,2
7985,1
7986,3
7987,1
7988,4
7989,1
7990,2
7991,4
7992,1
7993,3
7994,1
7995,4
7996,4
7997,2
7998,4
7999,3
8000,1
8001,2
8002,3
8003,3
8004,1
8005,1
8006,4
8007,3
8008,1
8009,1
8010,4
8011,1
8012,3
8013,3
8014,3
8015,3
8016,2
8017,4
8018,4
8019,4
8020,3
8021,3
8022,1
8023,1
8024,5
8025,2
8026,3
8027,4
8028,2
8029,2
8030,4
8031,3
8032,4
8033,4
8034,2
8035,1
8036,1
8037,2
8038,5
8039,1
8040,4
8041,1
8042,1
8043,4
8044,2
8045,4
8046,3
8047,3
8048,3
8049,2
8050,3
8051,2
8052,2
8053,4
8054,3
8055,3
8056,1
8057,1
8058,4
8059,1
8060,1
8061,1
8062,1
8063,1
8064,2
8065,4
8066,5
8067,2
8068,3
8069,3
8070,1
8071,5
8072,2
8073,4
8074,4
8075,5
8076,1
8077,3
8078,5
8079,2
8080,2
8081,1
8082,4
8083,3
8084,3
8085,3
8086,5
8087,5
8088,2
8089,2
8090,3
8091,1
8092,1
8093,1
8094,6
8095,1
8096,1
8097,1
8098,1
8099,3
8100,3
8101,3
8102,3
8103,1
8104,3
8105,2
8106,4
8107,4
8108,2
8109,4
8110,3
8111,4
8112,3
8113,2
8114,1
8115,3
8116,5
8117,4
8118,6
8119,2
8120,4
8121,3
8122,3
8123,2
8124,3
8125,1
8126,5
8127,3
8128,5
8129,3
8130,2
8131,3
8132,5
8133,6
8134,1
8135,3
8136,5
8137,1
8138,1
8139,1
8140,1
8141,4
8142,4
8143,1
8144,2
8145,4
8146,4
8147,5
8148,5
8149,4
8150,4
8151,3
8152,1
8153,2
8154,1
8155,3
8156,2
8157,2
8158,2
8159,5
8160,2
8161,1
8162,3
8163,4
8164,5
8165,5
8166,1
8167,4
8168,4
8169,1
8170,3
8171,3
8172,3
8173,4
8174,4
8175,1
8176,4
8177,3
8178,2
8179,1
8180,2
8181,4
8182,3
8183,4
8184,5
8185,4
8186,1
8187,4
8188,3
8189,4
8190,3
8191,3
8192,3
8193,2
8194,4
8195,2
8196,5
8197,3
8198,2
8199,1
8200,2
8201,1
8202,1
8203,4
8204,2
8205,4
8206,3
8207,3
8208,6
8209,1
8210,2
8211,1
8212,1
8213,3
8214,2
8215,1
8216,1
8217,2
8218,4
8219,3
8220,3
8221,4
8222,1
8223,2
8224,2
8225,2
8226,2
8227,3
8228,4
8229,1
8230,1
8231,5
8232,4
8233,4
8234,3
8235,2
8236,2
8237,2
8238,5
8239,3
8240,1
8241,6
8242,2
8243,3
8244,1
8245,3
8246,4
8247,4
8248,2
8249,4
8250,4
8251,3
8252,2
8253,4
8254,1
8255,1
8256,3
8257,6
8258,1
8259,3
8260,3
8261,3
8262,4
8263,2
8264,6
8265,1
8266,1
8267,3
8268,2
8269,1
8270,1
8271,1
8272,3
8273,2
8274,3
8275,4
8276,2
8277,2
8278,1
8279,1
8280,1
8281,4
8282,1
8283,1
8284,4
8285,5
8286,5
8287,2
8288,3
8289,4
8290,4
8291,2
8292,1
8293,2
8294,2
8295,3
8296,1
8297,4
8298,1
8299,2
8300,5
8301,1
8302,4
8303,3
8304,1
8305,1
8306,1
8307,3
8308,4
8309,1
8310,1
8311,4
8312,3
8313,2
8314,3
8315,2
8316,1
8317,1
8318,5
8319,1
8320,5
8321,5
8322,6
8323,3
8324,4
8325,1
8326,1
8327,4
8328,4
8329,2
8330,4
8331,2
8332,1
8333,1
8334,3
8335,3
8336,4
8337,4
8338,2
8339,4
8340,1
8341,1
8342,4
8343,2
8344,2
8345,2
8346,4
8347,1
8348,3
8349,3
8350,1
8351,3
8352,1
8353,2
8354,3
8355,1
8356,2
8357,4
8358,2
8359,3
8360,3
8361,3
8362,1
8363,1
8364,5
8365,3
8366,3
8367,2
8368,3
8369,2
8370,2
8371,1
8372,4
8373,5
8374,2
8375,5
8376,5
8377,4
8378,5
8379,5
8380,4
8381,1
8382,3
8383,1
8384,2
8385,2
8386,4
8387,2
8388,3
8389,5
8390,1
8391,4
8392,2
8393,1
8394,4
8395,2
8396,1
8397,4
8398,1
8399,2
8400,4
8401,1
8402,5
8403,5
8404,2
8405,5
8406,4
8407,1
8408,4
8409,3
8410,2
8411,1
8412,2
8413,2
8414,4
8415,3
8416,2
8417,2
8418,1
8419,5
8420,3
8421,1
8422,5
8423,1
8424,3
8425,2
8426,3
8427,1
8428,1
8429,2
8430,1
8431,2
8432,1
8433,4
8434,1
8435,3
8436,1
8437,1
8438,1
8439,6
8440,3
8441,3
8442,2
8443,4
8444,3
8445,2
8446,2
8447,2
8448,1
8449,1
8450,1
8451,1
8452,4
8453,2
8454,4
8455,3
8456,2
8457,1
8458,1
8459,1
8460,4
8461,4
8462,4
8463,2
8464,5
8465,2
8466,1
8467,3
8468,3
8469,1
8470,1
8471,5
8472,5
8473,5
8474,2
8475,1
8476,1
8477,3
8478,1
8479,2
8480,3
8481,4
8482,2
8483,3
8484,5
8485,2
8486,2
8487,1
8488,2
8489,4
8490,4
8491,4
8492,1
8493,1
8494,1
8495,3
8496,4
8497,1
8498,3
8499,4
8500,1
8501,4
8502,2
8503,2
8504,3
8505,2
8506,2
8507,2
8508,4
8509,4
8510,1
8511,5
8512,1
8513,4
8514,4
8515,4
8516,3
8517,2
8518,1
8519,1
8520,5
8521,1
8522,3
8523,2
8524,1
8525,4
8526,2
8527,1
8528,3
8529,1
8530,1
8531,1
8532,1
8533,3
8534,1
8535,2
8536,3
8537,1
8538,3
8539,5
8540,3
8541,1
8542,2
8543,1
8544,1
8545,3
8546,3
8547,3
8548,3
8549,1
8550,5
8551,2
8552,1
8553,3
8554,1
8555,2
8556,4
8557,1
8558,2
8559,1
8560,4
8561,1
8562,1
8563,2
8564,5
8565,1
8566,3
8567,2
8568,1
8569,5
8570,1
8571,1
8572,1
8573,2
8574,2
8575,2
8576,1
8577,2
8578,4
8579,5
8580,1
8581,1
8582,4
8583,3
8584,1
8585,2
8586,2
8587,1
8588,3
8589,4
8590,1
8591,3
8592,4
8593,2
8594,4
8595,1
8596,2
8597,4
8598,1
8599,2
8600,1
8601,1
8602,3
8603,3
8604,2
8605,1
8606,1
8607,5
8608,4
8609,1
8610,1
8611,3
8612,1
8613,1
8614,2
8615,1
8616,5
8617,5
8618,2
8619,3
8620,3
8621,5
8622,4
8623,2
8624,4
8625,3
8626,2
8627,5
8628,3
8629,2
8630,1
8631,4
8632,3
8633,1
8634,3
8635,4
8636,4
8637,1
8638,3
8639,4
8640,5
8641,4
8642,2
8643,5
8644,5
8645,1
8646,3
8647,4
8648,4
8649,1
8650,3
8651,5
8652,1
8653,5
8654,3
8655,1
8656,1
8657,2
8658,3
8659,3
8660,1
8661,5
8662,2
8663,1
8664,2
8665,2
8666,2
8667,1
8668,4
8669,4
8670,1
8671,2
8672,4
8673,5
8674,4
8675,3
8676,5
8677,4
8678,1
8679,4
8680,3
8681,1
8682,4
8683,2
8684,1
8685,1
8686,3
8687,3
8688,1
8689,5
8690,2
8691,2
8692,3
8693,4
8694,1
8695,3
8696,5
8697,4
8698,3
8699,4
8700,2
8701,2
8702,1
8703,2
8704,4
8705,1
8706,5
8707,5
8708,5
8709,2
8710,1
8711,2
8712,2
8713,3
8714,4
8715,1
8716,2
8717,3
8718,5
8719,3
8720,2
8721,4
8722,2
8723,2
8724,3
8725,4
8726,2
8727,4
8728,5
8729,4
8730,4
8731,4
8732,1
8733,1
8734,1
8735,1
8736,1
8737,1
8738,3
8739,2
8740,5
8741,2
8742,1
8743,2
8744,1
8745,4
8746,1
8747,1
8748,1
8749,3
8750,2
8751,2
8752,2
8753,3
8754,4
8755,2
8756,2
8757,5
8758,2
8759,4
8760,2
8761,4
8762,2
8763,1
8764,2
8765,2
8766,1
8767,2
8768,2
8769,1
8770,2
8771,2
8772,3
8773,5
8774,4
8775,1
8776,5
8777,1
8778,1
8779,2
8780,1
8781,1
8782,5
8783,5
8784,3
8785,4
8786,3
8787,4
8788,4
8789,2
8790,1
8791,5
8792,1
8793,4
8794,4
8795,2
8796,4
8797,1
8798,3
8799,1
8800,5
8801,1
8802,1
8803,5
8804,1
8805,5
8806,2
8807,1
8808,5
8809,1
8810,3
8811,5
8812,4
8813,4
8814,1
8815,4
8816,5
8817,4
8818,2
8819,3
8820,1
8821,2
8822,4
8823,3
8824,4
8825,4
8826,4
8827,3
8828,1
8829,2
8830,3
8831,2
8832,1
8833,3
8834,2
8835,1
8836,1
8837,1
8838,1
8839,1
8840,2
8841,3
8842,2
8843,4
8844,4
8845,1
8846,5
8847,1
8848,5
8849,5
8850,1
8851,3
8852,5
8853,4
8854,5
8855,1
8856,1
8857,1
8858,3
8859,3
8860,4
8861,3
8862,6
8863,4
8864,5
8865,4
8866,2
8867,1
8868,1
8869,1
8870,4
8871,4
8872,3
8873,2
8874,4
8875,2
8876,3
8877,2
8878,1
8879,1
8880,2
8881,3
8882,1
8883,2
8884,5
8885,2
8886,5
8887,4
8888,2
8889,4
8890,2
8891,5
8892,5
8893,3
8894,4
8895,3
8896,3
8897,4
8898,2
8899,1
8900,1
8901,3
8902,5
8903,1
8904,3
8905,2
8906,1
8907,3
8908,3
8909,2
8910,1
8911,2
8912,4
8913,2
8914,3
8915,3
8916,2
8917,5
8918,1
8919,2
8920,3
8921,3
8922,3
8923,5
8924,2
8925,4
8926,3
8927,2
8928,1
8929,4
8930,4
8931,1
8932,1
8933,2
8934,1
8935,1
8936,4
8937,5
8938,3
8939,1
8940,3
8941,3
8942,3
8943,5
8944,2
8945,5
8946,2
8947,3
8948,1
8949,2
8950,3
8951,4
8952,3
8953,2
8954,2
8955,1
8956,3
8957,1
8958,1
8959,3
8960,1
8961,3
8962,4
8963,1
8964,1
8965,1
8966,5
8967,1
8968,2
8969,3
8970,2
8971,1
8972,2
8973,2
8974,4
8975,2
8976,2
8977,3
8978,1
8979,1
8980,4
8981,3
8982,4
8983,1
8984,2
8985,3
8986,1
8987,1
8988,3
8989,4
8990,1
8991,4
8992,5
8993,4
8994,3
8995,4
8996,5
8997,1
8998,2
8999,2
9000,4
9001,3
9002,2
9003,1
9004,5
9005,1
9006,4
9007,1
9008,1
9009,2
9010,5
9011,3
9012,2
9013,4
9014,4
9015,1
9016,1
9017,5
9018,4
9019,2
9020,4
9021,2
9022,3
9023,2
9024,1
9025,1
9026,1
9027,2
9028,3
9029,2
9030,5
9031,5
9032,1
9033,2
9034,3
9035,3
9036,3
9037,5
9038,1
9039,1
9040,3
9041,4
9042,1
9043,6
9044,3
9045,2
9046,3
9047,4
9048,3
9049,2
9050,4
9051,2
9052,1
9053,3
9054,2
9055,1
9056,4
9057,3
9058,3
9059,1
9060,2
9061,1
9062,3
9063,5
9064,5
9065,1
9066,3
9067,3
9068,3
9069,1
9070,3
9071,3
9072,2
9073,5
9074,1
9075,1
9076,3
9077,2
9078,5
9079,4
9080,2
9081,3
9082,4
9083,1
9084,2
9085,3
9086,1
9087,3
9088,2
9089,1
9090,1
9091,5
9092,3
9093,4
9094,4
9095,5
9096,5
9097,2
9098,2
9099,2
9100,1
9101,1
9102,1
9103,2
9104,4
9105,1
9106,1
9107,3
9108,3
9109,2
9110,2
9111,1
9112,5
9113,1
9114,5
9115,1
9116,3
9117,3
9118,1
9119,1
9120,5
9121,1
9122,1
9123,2
9124,1
9125,5
9126,1
9127,3
9128,1
9129,4
9130,4
9131,1
9132,1
9133,2
9134,5
9135,4
9136,3
9137,5
9138,4
9139,1
9140,4
9141,2
9142,4
9143,3
9144,2
9145,1
9146,2
9147,1
9148,1
9149,1
9150,6
9151,2
9152,1
9153,1
9154,1
9155,5
9156,5
9157,4
9158,2
9159,1
9160,1
9161,2
9162,5
9163,3
9164,4
9165,3
9166,5
9167,4
9168,2
9169,1
9170,6
9171,6
9172,3
9173,1
9174,2
9175,4
9176,3
9177,4
9178,1
9179,1
9180,1
9181,4
9182,2
9183,3
9184,1
9185,1
9186,4
9187,1
9188,3
9189,4
9190,3
9191,3
9192,1
9193,4
9194,5
9195,6
9196,1
9197,1
9198,1
9199,1
9200,2
9201,5
9202,1
9203,2
9204,3
9205,1
9206,2
9207,1
9208,5
9209,5
9210,5
9211,1
9212,1
9213,4
9214,1
9215,1
9216,1
9217,5
9218,3
9219,1
9220,1
9221,2
9222,4
9223,4
9224,1
9225,1
9226,3
9227,2
9228,5
9229,4
9230,2
9231,3
9232,3
9233,4
9234,1
9235,2
9236,2
9237,2
9238,3
9239,3
9240,4
9241,1
9242,2
9243,1
9244,4
9245,3
9246,6
9247,1
9248,3
9249,1
9250,4
9251,3
9252,2
9253,2
9254,1
9255,1
9256,4
9257,2
9258,3
9259,4
9260,5
9261,4
9262,2
9263,3
9264,1
9265,3
9266,3
9267,1
9268,3
9269,5
9270,3
9271,1
9272,2
9273,1
9274,1
9275,5
9276,3
9277,5
9278,5
9279,2
9280,1
9281,3
9282,3
9283,2
9284,1
9285,4
9286,5
9287,1
9288,4
9289,4
9290,5
9291,2
9292,1
9293,1
9294,2
9295,3
9296,3
9297,2
9298,6
9299,4
9300,4
9301,1
9302,2
9303,2
9304,1
9305,4
9306,3
9307,4
9308,3
9309,4
9310,3
9311,1
9312,2
9313,2
9314,3
9315,1
9316,2
9317,2
9318,1
9319,5
9320,2
9321,3
9322,1
9323,1
9324,3
9325,1
9326,4
9327,2
9328,1
9329,1
9330,3
9331,2
9332,3
9333,1
9334,1
9335,2
9336,1
9337,1
9338,5
9339,3
9340,1
9341,2
9342,5
9343,5
9344,2
9345,5
9346,2
9347,4
9348,4
9349,2
9350,5
9351,6
9352,4
9353,4
9354,1
9355,4
9356,1
9357,5
9358,2
9359,2
9360,3
9361,3
9362,5
9363,3
9364,3
9365,1
9366,1
9367,1
9368,4
9369,3
9370,4
9371,4
9372,4
9373,2
9374,3
9375,1
9376,1
9377,5
9378,3
9379,4
9380,3
9381,1
9382,5
9383,3
9384,4
9385,1
9386,4
9387,2
9388,4
9389,1
9390,1
9391,5
9392,1
9393,2
9394,2
9395,1
9396,1
9397,4
9398,4
9399,1
9400,2
9401,5
9402,4
9403,2
9404,3
9405,3
9406,3
9407,1
9408,4
9409,3
9410,2
9411,1
9412,2
9413,4
9414,1
9415,1
9416,5
9417,4
9418,2
9419,3
9420,4
9421,3
9422,4
9423,2
9424,1
9425,2
9426,2
9427,1
9428,2
9429,5
9430,4
9431,1
9432,4
9433,3
9434,3
9435,2
9436,1
9437,2
9438,2
9439,5
9440,2
9441,4
9442,5
9443,1
9444,5
9445,2
9446,4
9447,5
9448,4
9449,2
9450,1
9451,3
9452,3
9453,1
9454,2
9455,2
9456,2
9457,1
9458,1
9459,5
9460,6
9461,1
9462,4
9463,3
9464,1
9465,2
9466,1
9467,5
9468,4
9469,2
9470,1
9471,1
9472,3
9473,5
9474,1
9475,1
9476,1
9477,1
9478,1
9479,4
9480,1
9481,3
9482,4
9483,4
9484,1
9485,1
9486,5
9487,5
9488,3
9489,4
9490,1
9491,2
9492,4
9493,2
9494,2
9495,4
9496,2
9497,4
9498,3
9499,3
9500,1
9501,1
9502,5
9503,3
9504,4
9505,5
9506,3
9507,4
9508,1
9509,1
9510,5
9511,1
9512,4
9513,4
9514,1
9515,3
9516,3
9517,1
9518,3
9519,1
9520,3
9521,2
9522,1
9523,2
9524,3
9525,1
9526,2
9527,1
9528,3
9529,2
9530,3
9531,1
9532,3
9533,1
9534,1
9535,1
9536,1
9537,4
9538,1
9539,1
9540,1
9541,4
9542,2
9543,1
9544,1
9545,3
9546,2
9547,1
9548,1
9549,2
9550,4
9551,4
9552,5
9553,3
9554,1
9555,4
9556,4
9557,4
9558,3
9559,1
9560,2
9561,3
9562,1
9563,2
9564,1
9565,3
9566,1
9567,4
9568,2
9569,2
9570,3
9571,3
9572,4
9573,3
9574,1
9575,2
9576,4
9577,4
9578,1
9579,3
9580,1
9581,4
9582,3
9583,4
9584,3
9585,1
9586,5
9587,5
9588,5
9589,3
9590,2
9591,3
9592,2
9593,3
9594,5
9595,5
9596,3
9597,3
9598,4
9599,1
9600,2
9601,1
9602,4
9603,1
9604,3
9605,3
9606,1
9607,3
9608,5
9609,2
9610,4
9611,5
9612,4
9613,3
9614,3
9615,4
9616,1
9617,4
9618,1
9619,6
9620,5
9621,4
9622,5
9623,3
9624,1
9625,1
9626,3
9627,2
9628,4
9629,1
9630,5
9631,3
9632,4
9633,5
9634,2
9635,2
9636,1
9637,1
9638,5
9639,5
9640,3
9641,2
9642,4
9643,5
9644,1
9645,4
9646,4
9647,1
9648,2
9649,3
9650,3
9651,1
9652,2
9653,3
9654,4
9655,1
9656,3
9657,2
9658,2
9659,5
9660,4
9661,1
9662,2
9663,4
9664,4
9665,4
9666,2
9667,1
9668,3
9669,3
9670,5
9671,4
9672,2
9673,5
9674,2
9675,4
9676,1
9677,5
9678,1
9679,5
9680,1
9681,4
9682,1
9683,1
9684,2
9685,1
9686,3
9687,1
9688,4
9689,1
9690,2
9691,1
9692,4
9693,1
9694,4
9695,3
9696,2
9697,2
9698,2
9699,2
9700,2
9701,2
9702,1
9703,1
9704,4
9705,2
9706,3
9707,5
9708,5
9709,4
9710,3
9711,1
9712,4
9713,1
9714,3
9715,4
9716,1
9717,4
9718,4
9719,4
9720,3
9721,1
9722,3
9723,1
9724,1
9725,4
9726,2
9727,1
9728,4
9729,1
9730,4
9731,1
9732,3
9733,5
9734,1
9735,1
9736,5
9737,2
9738,1
9739,1
9740,1
9741,5
9742,2
9743,3
9744,5
9745,1
9746,1
9747,1
9748,4
9749,3
9750,2
9751,4
9752,2
9753,5
9754,1
9755,5
9756,3
9757,2
9758,2
9759,3
9760,2
9761,1
9762,1
9763,5
9764,4
9765,3
9766,1
9767,5
9768,3
9769,5
9770,4
9771,5
9772,3
9773,2
9774,1
9775,4
9776,4
9777,4
9778,4
9779,1
9780,2
9781,2
9782,2
9783,4
9784,3
9785,3
9786,4
9787,3
9788,2
9789,2
9790,1
9791,1
9792,3
9793,2
9794,5
9795,4
9796,4
9797,1
9798,4
9799,4
9800,2
9801,3
9802,2
9803,3
9804,1
9805,1
9806,4
9807,2
9808,2
9809,5
9810,5
9811,5
9812,5
9813,5
9814,2
9815,1
9816,1
9817,1
9818,2
9819,3
9820,1
9821,2
9822,3
9823,1
9824,2
9825,1
9826,5
9827,1
9828,1
9829,5
9830,2
9831,2
9832,2
9833,4
9834,2
9835,1
9836,1
9837,2
9838,1
9839,3
9840,2
9841,1
9842,2
9843,3
9844,1
9845,4
9846,3
9847,2
9848,3
9849,1
9850,1
9851,2
9852,2
9853,1
9854,1
9855,1
9856,3
9857,1
9858,1
9859,1
9860,3
9861,3
9862,1
9863,4
9864,5
9865,3
9866,1
9867,1
9868,4
9869,4
9870,1
9871,2
9872,1
9873,1
9874,2
9875,1
9876,1
9877,1
9878,4
9879,1
9880,4
9881,1
9882,3
9883,1
9884,2
9885,1
9886,5
9887,3
9888,3
9889,3
9890,1
9891,1
9892,3
9893,2
9894,1
9895,5
9896,4
9897,3
9898,1
9899,2
9900,1
9901,1
9902,5
9903,1
9904,2
9905,1
9906,4
9907,1
9908,2
9909,2
9910,2
9911,2
9912,3
9913,5
9914,2
9915,1
9916,3
9917,5
9918,3
9919,1
9920,1
9921,3
9922,4
9923,1
9924,5
9925,5
9926,5
9927,4
9928,2
9929,5
9930,2
9931,1
9932,1
9933,1
9934,2
9935,2
9936,1
9937,3
9938,2
9939,3
9940,3
9941,3
9942,1
9943,1
9944,5
9945,4
9946,3
9947,1
9948,3
9949,1
9950,4
9951,4
9952,1
9953,3
9954,1
9955,3
9956,3
9957,3
9958,4
9959,1
9960,3
9961,1
9962,1
9963,5
9964,1
9965,4
9966,4
9967,1
9968,2
9969,2
9970,2
9971,1
9972,3
9973,5
9974,1
9975,3
9976,5
9977,2
9978,5
9979,1
9980,1
9981,4
9982,5
9983,4
9984,4
9985,5
9986,1
9987,3
9988,4
9989,4
9990,1
9991,1
9992,2
9993,3
9994,1
9995,1
9996,1
9997,1
9998,4
9999,5
